"ClassName","Patch","Compiled","AllTestsPassed","TotalExecutionTime(ms)","Fitness","FitnessImprovement"
"com.google.gson.GsonBuilder","|","true","false","94.58389","77","0"
"com.google.gson.GsonBuilder","| gin.edit.modifynode.BinaryOperatorReplacement  ./gson/src/main/java/com/google/gson/GsonBuilder.java:1050 PLUS -> DIVIDE |","true","false","60.358696","78","0"
"com.google.gson.GsonBuilder","|","true","false","190.46902","77","0"
"com.google.gson.GsonBuilder","| gin.edit.modifynode.BinaryOperatorReplacement  ./gson/src/main/java/com/google/gson/GsonBuilder.java:1050 PLUS -> LEFT_SHIFT |","true","false","1724.5608","28","49"
"com.google.gson.GsonBuilder","|","true","false","57.22799","77","0"
"com.google.gson.GsonBuilder","| gin.edit.modifynode.BinaryOperatorReplacement  ./gson/src/main/java/com/google/gson/GsonBuilder.java:1049 MINUS -> MULTIPLY |","true","true","127.53759","0","77"
"com.google.gson.GsonBuilder","| gin.edit.modifynode.BinaryOperatorReplacement  ./gson/src/main/java/com/google/gson/GsonBuilder.java:1050 PLUS -> UNSIGNED_RIGHT_SHIFT |","true","true","114.36738","0","77"
"com.google.gson.GsonBuilder","|","true","false","86.73681","77","0"
"com.google.gson.GsonBuilder","| gin.edit.modifynode.BinaryOperatorReplacement  ./gson/src/main/java/com/google/gson/GsonBuilder.java:1050 PLUS -> UNSIGNED_RIGHT_SHIFT |","true","true","149.2595","0","77"
"com.google.gson.GsonBuilder","| gin.edit.modifynode.BinaryOperatorReplacement  ./gson/src/main/java/com/google/gson/GsonBuilder.java:1049 MINUS -> SIGNED_RIGHT_SHIFT |","true","true","116.261925","0","77"
"com.google.gson.GsonBuilder","| gin.edit.modifynode.BinaryOperatorReplacement  ./gson/src/main/java/com/google/gson/GsonBuilder.java:1049 MINUS -> DIVIDE |","true","true","111.2344","0","77"
"com.google.gson.GsonBuilder","|","true","false","50.764915","77","0"
"com.google.gson.GsonBuilder","| gin.edit.modifynode.BinaryOperatorReplacement  ./gson/src/main/java/com/google/gson/GsonBuilder.java:1049 MINUS -> SIGNED_RIGHT_SHIFT |","true","true","108.39932","0","77"
"com.google.gson.GsonBuilder","|","true","false","56.357296","77","0"
"com.google.gson.GsonBuilder","|","true","false","52.576416","77","0"
"com.google.gson.GsonBuilder","|","true","false","80.26057","77","0"
"com.google.gson.GsonBuilder","| gin.edit.modifynode.BinaryOperatorReplacement  ./gson/src/main/java/com/google/gson/GsonBuilder.java:1049 MINUS -> LEFT_SHIFT |","true","true","121.68665","0","77"
"com.google.gson.GsonBuilder","| gin.edit.modifynode.BinaryOperatorReplacement  ./gson/src/main/java/com/google/gson/GsonBuilder.java:1050 PLUS -> MINUS |","true","false","165.0041","77","0"
"com.google.gson.GsonBuilder","| gin.edit.modifynode.BinaryOperatorReplacement  ./gson/src/main/java/com/google/gson/GsonBuilder.java:1050 PLUS -> DIVIDE |","true","false","68.332184","78","0"
"com.google.gson.GsonBuilder","|","true","false","73.21333","77","0"
"com.google.gson.GsonBuilder","| gin.edit.modifynode.BinaryOperatorReplacement  ./gson/src/main/java/com/google/gson/GsonBuilder.java:1050 PLUS -> MINUS |","true","false","67.63376","77","0"
"com.google.gson.GsonBuilder","|","true","false","48.679176","77","0"
"com.google.gson.GsonBuilder","| gin.edit.modifynode.BinaryOperatorReplacement  ./gson/src/main/java/com/google/gson/GsonBuilder.java:1049 MINUS -> DIVIDE | gin.edit.modifynode.BinaryOperatorReplacement  ./gson/src/main/java/com/google/gson/GsonBuilder.java:1050 PLUS -> LEFT_SHIFT |","true","true","101.78567","0","77"
"com.google.gson.GsonBuilder","| gin.edit.modifynode.BinaryOperatorReplacement  ./gson/src/main/java/com/google/gson/GsonBuilder.java:1050 PLUS -> MINUS |","true","false","62.709126","77","0"
"com.google.gson.GsonBuilder","| gin.edit.modifynode.BinaryOperatorReplacement  ./gson/src/main/java/com/google/gson/GsonBuilder.java:1050 PLUS -> MINUS | gin.edit.modifynode.BinaryOperatorReplacement  ./gson/src/main/java/com/google/gson/GsonBuilder.java:1049 MINUS -> DIVIDE |","true","true","102.60825","0","77"
"com.google.gson.GsonBuilder","| gin.edit.modifynode.BinaryOperatorReplacement  ./gson/src/main/java/com/google/gson/GsonBuilder.java:1049 MINUS -> DIVIDE | gin.edit.modifynode.BinaryOperatorReplacement  ./gson/src/main/java/com/google/gson/GsonBuilder.java:1049 MINUS -> UNSIGNED_RIGHT_SHIFT |","true","true","111.25888","0","77"
"com.google.gson.GsonBuilder","| gin.edit.modifynode.BinaryOperatorReplacement  ./gson/src/main/java/com/google/gson/GsonBuilder.java:1049 MINUS -> DIVIDE |","true","true","117.21604","0","77"
"com.google.gson.GsonBuilder","| gin.edit.modifynode.BinaryOperatorReplacement  ./gson/src/main/java/com/google/gson/GsonBuilder.java:1050 PLUS -> LEFT_SHIFT | gin.edit.modifynode.BinaryOperatorReplacement  ./gson/src/main/java/com/google/gson/GsonBuilder.java:1050 PLUS -> MULTIPLY |","true","false","1420.9979","28","49"
"com.google.gson.GsonBuilder","| gin.edit.modifynode.BinaryOperatorReplacement  ./gson/src/main/java/com/google/gson/GsonBuilder.java:1050 PLUS -> LEFT_SHIFT |","true","false","1292.9988","28","49"
"com.google.gson.GsonBuilder","| gin.edit.modifynode.BinaryOperatorReplacement  ./gson/src/main/java/com/google/gson/GsonBuilder.java:1049 MINUS -> DIVIDE | gin.edit.modifynode.BinaryOperatorReplacement  ./gson/src/main/java/com/google/gson/GsonBuilder.java:1050 PLUS -> LEFT_SHIFT |","true","true","109.636345","0","77"
"com.google.gson.GsonBuilder","|","true","false","48.73771","77","0"
"com.google.gson.GsonBuilder","| gin.edit.modifynode.BinaryOperatorReplacement  ./gson/src/main/java/com/google/gson/GsonBuilder.java:1049 MINUS -> UNSIGNED_RIGHT_SHIFT |","true","true","86.365105","0","77"
"com.google.gson.GsonBuilder","|","true","false","63.389935","77","0"
"com.google.gson.GsonBuilder","| gin.edit.modifynode.BinaryOperatorReplacement  ./gson/src/main/java/com/google/gson/GsonBuilder.java:1050 PLUS -> DIVIDE |","true","false","68.62235","78","0"
"com.google.gson.GsonBuilder","| gin.edit.modifynode.BinaryOperatorReplacement  ./gson/src/main/java/com/google/gson/GsonBuilder.java:1049 MINUS -> MULTIPLY | gin.edit.modifynode.BinaryOperatorReplacement  ./gson/src/main/java/com/google/gson/GsonBuilder.java:1049 MINUS -> LEFT_SHIFT |","true","true","102.85075","0","77"
"com.google.gson.GsonBuilder","| gin.edit.modifynode.BinaryOperatorReplacement  ./gson/src/main/java/com/google/gson/GsonBuilder.java:1049 MINUS -> LEFT_SHIFT |","true","true","80.69451","0","77"
"com.google.gson.GsonBuilder","| gin.edit.modifynode.BinaryOperatorReplacement  ./gson/src/main/java/com/google/gson/GsonBuilder.java:1050 PLUS -> DIVIDE |","true","false","45.363827","78","0"
"com.google.gson.GsonBuilder","| gin.edit.modifynode.BinaryOperatorReplacement  ./gson/src/main/java/com/google/gson/GsonBuilder.java:1049 MINUS -> MULTIPLY |","true","true","114.93102","0","77"
"com.google.gson.GsonBuilder","|","true","false","50.929253","77","0"
"com.google.gson.GsonBuilder","|","true","false","68.36301","77","0"
"com.google.gson.GsonBuilder","|","true","false","60.267933","77","0"
"com.google.gson.GsonBuilder","| gin.edit.modifynode.BinaryOperatorReplacement  ./gson/src/main/java/com/google/gson/GsonBuilder.java:1050 PLUS -> SIGNED_RIGHT_SHIFT |","true","true","102.19125","0","77"
"com.google.gson.GsonBuilder","| gin.edit.modifynode.BinaryOperatorReplacement  ./gson/src/main/java/com/google/gson/GsonBuilder.java:1049 MINUS -> MULTIPLY |","true","true","116.13291","0","77"
"com.google.gson.GsonBuilder","|","true","false","75.180954","77","0"
"com.google.gson.GsonBuilder","| gin.edit.modifynode.BinaryOperatorReplacement  ./gson/src/main/java/com/google/gson/GsonBuilder.java:1049 MINUS -> DIVIDE | gin.edit.modifynode.BinaryOperatorReplacement  ./gson/src/main/java/com/google/gson/GsonBuilder.java:1050 PLUS -> LEFT_SHIFT | gin.edit.modifynode.BinaryOperatorReplacement  ./gson/src/main/java/com/google/gson/GsonBuilder.java:1049 MINUS -> UNSIGNED_RIGHT_SHIFT |","true","true","111.8513","0","77"
"com.google.gson.GsonBuilder","| gin.edit.modifynode.BinaryOperatorReplacement  ./gson/src/main/java/com/google/gson/GsonBuilder.java:1050 PLUS -> LEFT_SHIFT | gin.edit.modifynode.BinaryOperatorReplacement  ./gson/src/main/java/com/google/gson/GsonBuilder.java:1049 MINUS -> UNSIGNED_RIGHT_SHIFT |","true","true","100.62765","0","77"
"com.google.gson.GsonBuilder","| gin.edit.modifynode.BinaryOperatorReplacement  ./gson/src/main/java/com/google/gson/GsonBuilder.java:1049 MINUS -> DIVIDE | gin.edit.modifynode.BinaryOperatorReplacement  ./gson/src/main/java/com/google/gson/GsonBuilder.java:1050 PLUS -> MULTIPLY |","true","true","105.21424","0","77"
"com.google.gson.GsonBuilder","| gin.edit.modifynode.BinaryOperatorReplacement  ./gson/src/main/java/com/google/gson/GsonBuilder.java:1049 MINUS -> DIVIDE |","true","true","99.56191","0","77"
"com.google.gson.GsonBuilder","| gin.edit.modifynode.BinaryOperatorReplacement  ./gson/src/main/java/com/google/gson/GsonBuilder.java:1050 PLUS -> UNSIGNED_RIGHT_SHIFT |","true","true","87.3216","0","77"
"com.google.gson.GsonBuilder","| gin.edit.modifynode.BinaryOperatorReplacement  ./gson/src/main/java/com/google/gson/GsonBuilder.java:1050 PLUS -> MULTIPLY |","true","false","49.49393","78","0"
"com.google.gson.GsonBuilder","| gin.edit.modifynode.BinaryOperatorReplacement  ./gson/src/main/java/com/google/gson/GsonBuilder.java:1049 MINUS -> DIVIDE |","true","true","95.0392","0","77"
"com.google.gson.GsonBuilder","| gin.edit.modifynode.BinaryOperatorReplacement  ./gson/src/main/java/com/google/gson/GsonBuilder.java:1050 PLUS -> SIGNED_RIGHT_SHIFT | gin.edit.modifynode.BinaryOperatorReplacement  ./gson/src/main/java/com/google/gson/GsonBuilder.java:1049 MINUS -> DIVIDE |","true","true","105.887856","0","77"
"com.google.gson.GsonBuilder","| gin.edit.modifynode.BinaryOperatorReplacement  ./gson/src/main/java/com/google/gson/GsonBuilder.java:1049 MINUS -> MULTIPLY | gin.edit.modifynode.BinaryOperatorReplacement  ./gson/src/main/java/com/google/gson/GsonBuilder.java:1050 PLUS -> MINUS |","true","true","97.247765","0","77"
"com.google.gson.GsonBuilder","| gin.edit.modifynode.BinaryOperatorReplacement  ./gson/src/main/java/com/google/gson/GsonBuilder.java:1049 MINUS -> MULTIPLY |","true","true","125.89128","0","77"
"com.google.gson.GsonBuilder","| gin.edit.modifynode.BinaryOperatorReplacement  ./gson/src/main/java/com/google/gson/GsonBuilder.java:1050 PLUS -> SIGNED_RIGHT_SHIFT |","true","true","106.742004","0","77"
"com.google.gson.GsonBuilder","|","true","false","52.62006","77","0"
"com.google.gson.GsonBuilder","| gin.edit.modifynode.BinaryOperatorReplacement  ./gson/src/main/java/com/google/gson/GsonBuilder.java:1049 MINUS -> MULTIPLY |","true","true","86.24037","0","77"
"com.google.gson.GsonBuilder","| gin.edit.modifynode.BinaryOperatorReplacement  ./gson/src/main/java/com/google/gson/GsonBuilder.java:1049 MINUS -> MULTIPLY |","true","true","89.78205","0","77"
"com.google.gson.GsonBuilder","| gin.edit.modifynode.BinaryOperatorReplacement  ./gson/src/main/java/com/google/gson/GsonBuilder.java:1050 PLUS -> MULTIPLY |","true","false","55.96947","78","0"
"com.google.gson.GsonBuilder","| gin.edit.modifynode.BinaryOperatorReplacement  ./gson/src/main/java/com/google/gson/GsonBuilder.java:1049 MINUS -> DIVIDE | gin.edit.modifynode.BinaryOperatorReplacement  ./gson/src/main/java/com/google/gson/GsonBuilder.java:1050 PLUS -> LEFT_SHIFT | gin.edit.modifynode.BinaryOperatorReplacement  ./gson/src/main/java/com/google/gson/GsonBuilder.java:1050 PLUS -> REMAINDER |","true","true","103.298416","0","77"
"com.google.gson.GsonBuilder","| gin.edit.modifynode.BinaryOperatorReplacement  ./gson/src/main/java/com/google/gson/GsonBuilder.java:1050 PLUS -> LEFT_SHIFT | gin.edit.modifynode.BinaryOperatorReplacement  ./gson/src/main/java/com/google/gson/GsonBuilder.java:1049 MINUS -> REMAINDER |","true","true","90.82254","0","77"
"com.google.gson.GsonBuilder","| gin.edit.modifynode.BinaryOperatorReplacement  ./gson/src/main/java/com/google/gson/GsonBuilder.java:1049 MINUS -> DIVIDE | gin.edit.modifynode.BinaryOperatorReplacement  ./gson/src/main/java/com/google/gson/GsonBuilder.java:1050 PLUS -> LEFT_SHIFT | gin.edit.modifynode.BinaryOperatorReplacement  ./gson/src/main/java/com/google/gson/GsonBuilder.java:1050 PLUS -> UNSIGNED_RIGHT_SHIFT |","true","true","94.91682","0","77"
"com.google.gson.GsonBuilder","| gin.edit.modifynode.BinaryOperatorReplacement  ./gson/src/main/java/com/google/gson/GsonBuilder.java:1050 PLUS -> LEFT_SHIFT | gin.edit.modifynode.BinaryOperatorReplacement  ./gson/src/main/java/com/google/gson/GsonBuilder.java:1050 PLUS -> MULTIPLY |","true","false","1587.952","28","49"
"com.google.gson.GsonBuilder","| gin.edit.modifynode.BinaryOperatorReplacement  ./gson/src/main/java/com/google/gson/GsonBuilder.java:1050 PLUS -> LEFT_SHIFT |","true","false","1355.8268","28","49"
"com.google.gson.GsonBuilder","| gin.edit.modifynode.BinaryOperatorReplacement  ./gson/src/main/java/com/google/gson/GsonBuilder.java:1050 PLUS -> SIGNED_RIGHT_SHIFT | gin.edit.modifynode.BinaryOperatorReplacement  ./gson/src/main/java/com/google/gson/GsonBuilder.java:1049 MINUS -> DIVIDE | gin.edit.modifynode.BinaryOperatorReplacement  ./gson/src/main/java/com/google/gson/GsonBuilder.java:1050 PLUS -> SIGNED_RIGHT_SHIFT |","true","true","77.02873","0","77"
"com.google.gson.GsonBuilder","| gin.edit.modifynode.BinaryOperatorReplacement  ./gson/src/main/java/com/google/gson/GsonBuilder.java:1050 PLUS -> LEFT_SHIFT | gin.edit.modifynode.BinaryOperatorReplacement  ./gson/src/main/java/com/google/gson/GsonBuilder.java:1050 PLUS -> MULTIPLY | gin.edit.modifynode.BinaryOperatorReplacement  ./gson/src/main/java/com/google/gson/GsonBuilder.java:1049 MINUS -> SIGNED_RIGHT_SHIFT |","true","true","79.1674","0","77"
"com.google.gson.GsonBuilder","| gin.edit.modifynode.BinaryOperatorReplacement  ./gson/src/main/java/com/google/gson/GsonBuilder.java:1050 PLUS -> SIGNED_RIGHT_SHIFT | gin.edit.modifynode.BinaryOperatorReplacement  ./gson/src/main/java/com/google/gson/GsonBuilder.java:1050 PLUS -> MULTIPLY |","true","true","97.80986","0","77"
"com.google.gson.GsonBuilder","| gin.edit.modifynode.BinaryOperatorReplacement  ./gson/src/main/java/com/google/gson/GsonBuilder.java:1050 PLUS -> LEFT_SHIFT | gin.edit.modifynode.BinaryOperatorReplacement  ./gson/src/main/java/com/google/gson/GsonBuilder.java:1049 MINUS -> DIVIDE | gin.edit.modifynode.BinaryOperatorReplacement  ./gson/src/main/java/com/google/gson/GsonBuilder.java:1050 PLUS -> LEFT_SHIFT |","true","true","110.48536","0","77"
"com.google.gson.GsonBuilder","| gin.edit.modifynode.BinaryOperatorReplacement  ./gson/src/main/java/com/google/gson/GsonBuilder.java:1049 MINUS -> DIVIDE |","true","true","87.75748","0","77"
"com.google.gson.GsonBuilder","| gin.edit.modifynode.BinaryOperatorReplacement  ./gson/src/main/java/com/google/gson/GsonBuilder.java:1049 MINUS -> MULTIPLY |","true","true","87.42355","0","77"
"com.google.gson.GsonBuilder","| gin.edit.modifynode.BinaryOperatorReplacement  ./gson/src/main/java/com/google/gson/GsonBuilder.java:1049 MINUS -> MULTIPLY | gin.edit.modifynode.BinaryOperatorReplacement  ./gson/src/main/java/com/google/gson/GsonBuilder.java:1050 PLUS -> LEFT_SHIFT |","true","true","92.44476","0","77"
"com.google.gson.GsonBuilder","| gin.edit.modifynode.BinaryOperatorReplacement  ./gson/src/main/java/com/google/gson/GsonBuilder.java:1049 MINUS -> DIVIDE |","true","true","91.4524","0","77"
"com.google.gson.GsonBuilder","| gin.edit.modifynode.BinaryOperatorReplacement  ./gson/src/main/java/com/google/gson/GsonBuilder.java:1049 MINUS -> DIVIDE | gin.edit.modifynode.BinaryOperatorReplacement  ./gson/src/main/java/com/google/gson/GsonBuilder.java:1050 PLUS -> MULTIPLY |","true","true","96.3862","0","77"
"com.google.gson.GsonBuilder","| gin.edit.modifynode.BinaryOperatorReplacement  ./gson/src/main/java/com/google/gson/GsonBuilder.java:1050 PLUS -> UNSIGNED_RIGHT_SHIFT | gin.edit.modifynode.BinaryOperatorReplacement  ./gson/src/main/java/com/google/gson/GsonBuilder.java:1049 MINUS -> DIVIDE |","true","true","126.100784","0","77"
"com.google.gson.GsonBuilder","| gin.edit.modifynode.BinaryOperatorReplacement  ./gson/src/main/java/com/google/gson/GsonBuilder.java:1049 MINUS -> DIVIDE | gin.edit.modifynode.BinaryOperatorReplacement  ./gson/src/main/java/com/google/gson/GsonBuilder.java:1050 PLUS -> UNSIGNED_RIGHT_SHIFT | gin.edit.modifynode.BinaryOperatorReplacement  ./gson/src/main/java/com/google/gson/GsonBuilder.java:1049 MINUS -> DIVIDE |","true","true","113.983086","0","77"
"com.google.gson.GsonBuilder","| gin.edit.modifynode.BinaryOperatorReplacement  ./gson/src/main/java/com/google/gson/GsonBuilder.java:1050 PLUS -> MULTIPLY | gin.edit.modifynode.BinaryOperatorReplacement  ./gson/src/main/java/com/google/gson/GsonBuilder.java:1049 MINUS -> PLUS |","true","true","117.51896","0","77"
"com.google.gson.GsonBuilder","| gin.edit.modifynode.BinaryOperatorReplacement  ./gson/src/main/java/com/google/gson/GsonBuilder.java:1049 MINUS -> DIVIDE | gin.edit.modifynode.BinaryOperatorReplacement  ./gson/src/main/java/com/google/gson/GsonBuilder.java:1050 PLUS -> LEFT_SHIFT | gin.edit.modifynode.BinaryOperatorReplacement  ./gson/src/main/java/com/google/gson/GsonBuilder.java:1050 PLUS -> UNSIGNED_RIGHT_SHIFT |","true","true","109.497215","0","77"
"com.google.gson.GsonBuilder","| gin.edit.modifynode.BinaryOperatorReplacement  ./gson/src/main/java/com/google/gson/GsonBuilder.java:1050 PLUS -> LEFT_SHIFT | gin.edit.modifynode.BinaryOperatorReplacement  ./gson/src/main/java/com/google/gson/GsonBuilder.java:1049 MINUS -> REMAINDER |","true","true","111.366325","0","77"
"com.google.gson.GsonBuilder","| gin.edit.modifynode.BinaryOperatorReplacement  ./gson/src/main/java/com/google/gson/GsonBuilder.java:1049 MINUS -> DIVIDE | gin.edit.modifynode.BinaryOperatorReplacement  ./gson/src/main/java/com/google/gson/GsonBuilder.java:1049 MINUS -> REMAINDER | gin.edit.modifynode.BinaryOperatorReplacement  ./gson/src/main/java/com/google/gson/GsonBuilder.java:1049 MINUS -> MULTIPLY |","true","true","123.10992","0","77"
"com.google.gson.GsonBuilder","| gin.edit.modifynode.BinaryOperatorReplacement  ./gson/src/main/java/com/google/gson/GsonBuilder.java:1050 PLUS -> LEFT_SHIFT | gin.edit.modifynode.BinaryOperatorReplacement  ./gson/src/main/java/com/google/gson/GsonBuilder.java:1050 PLUS -> LEFT_SHIFT | gin.edit.modifynode.BinaryOperatorReplacement  ./gson/src/main/java/com/google/gson/GsonBuilder.java:1050 PLUS -> UNSIGNED_RIGHT_SHIFT | gin.edit.modifynode.BinaryOperatorReplacement  ./gson/src/main/java/com/google/gson/GsonBuilder.java:1049 MINUS -> REMAINDER |","true","true","115.59027","0","77"
"com.google.gson.GsonBuilder","| gin.edit.modifynode.BinaryOperatorReplacement  ./gson/src/main/java/com/google/gson/GsonBuilder.java:1049 MINUS -> DIVIDE |","true","true","79.67264","0","77"
"com.google.gson.GsonBuilder","| gin.edit.modifynode.BinaryOperatorReplacement  ./gson/src/main/java/com/google/gson/GsonBuilder.java:1050 PLUS -> LEFT_SHIFT | gin.edit.modifynode.BinaryOperatorReplacement  ./gson/src/main/java/com/google/gson/GsonBuilder.java:1049 MINUS -> REMAINDER |","true","true","127.14384","0","77"
"com.google.gson.GsonBuilder","| gin.edit.modifynode.BinaryOperatorReplacement  ./gson/src/main/java/com/google/gson/GsonBuilder.java:1049 MINUS -> REMAINDER |","true","true","98.01386","0","77"
"com.google.gson.GsonBuilder","| gin.edit.modifynode.BinaryOperatorReplacement  ./gson/src/main/java/com/google/gson/GsonBuilder.java:1050 PLUS -> LEFT_SHIFT | gin.edit.modifynode.BinaryOperatorReplacement  ./gson/src/main/java/com/google/gson/GsonBuilder.java:1049 MINUS -> DIVIDE | gin.edit.modifynode.BinaryOperatorReplacement  ./gson/src/main/java/com/google/gson/GsonBuilder.java:1050 PLUS -> MINUS |","true","true","131.88557","0","77"
"com.google.gson.GsonBuilder","| gin.edit.modifynode.BinaryOperatorReplacement  ./gson/src/main/java/com/google/gson/GsonBuilder.java:1050 PLUS -> LEFT_SHIFT |","true","false","1706.1693","28","49"
"com.google.gson.GsonBuilder","| gin.edit.modifynode.BinaryOperatorReplacement  ./gson/src/main/java/com/google/gson/GsonBuilder.java:1050 PLUS -> LEFT_SHIFT | gin.edit.modifynode.BinaryOperatorReplacement  ./gson/src/main/java/com/google/gson/GsonBuilder.java:1050 PLUS -> LEFT_SHIFT | gin.edit.modifynode.BinaryOperatorReplacement  ./gson/src/main/java/com/google/gson/GsonBuilder.java:1050 PLUS -> UNSIGNED_RIGHT_SHIFT | gin.edit.modifynode.BinaryOperatorReplacement  ./gson/src/main/java/com/google/gson/GsonBuilder.java:1049 MINUS -> REMAINDER |","true","true","81.98191","0","77"
"com.google.gson.GsonBuilder","| gin.edit.modifynode.BinaryOperatorReplacement  ./gson/src/main/java/com/google/gson/GsonBuilder.java:1050 PLUS -> LEFT_SHIFT | gin.edit.modifynode.BinaryOperatorReplacement  ./gson/src/main/java/com/google/gson/GsonBuilder.java:1050 PLUS -> DIVIDE |","true","false","1300.4142","28","49"
"com.google.gson.GsonBuilder","| gin.edit.modifynode.BinaryOperatorReplacement  ./gson/src/main/java/com/google/gson/GsonBuilder.java:1050 PLUS -> LEFT_SHIFT | gin.edit.modifynode.BinaryOperatorReplacement  ./gson/src/main/java/com/google/gson/GsonBuilder.java:1050 PLUS -> LEFT_SHIFT | gin.edit.modifynode.BinaryOperatorReplacement  ./gson/src/main/java/com/google/gson/GsonBuilder.java:1050 PLUS -> LEFT_SHIFT | gin.edit.modifynode.BinaryOperatorReplacement  ./gson/src/main/java/com/google/gson/GsonBuilder.java:1049 MINUS -> REMAINDER |","true","true","85.84601","0","77"
"com.google.gson.GsonBuilder","| gin.edit.modifynode.BinaryOperatorReplacement  ./gson/src/main/java/com/google/gson/GsonBuilder.java:1050 PLUS -> UNSIGNED_RIGHT_SHIFT | gin.edit.modifynode.BinaryOperatorReplacement  ./gson/src/main/java/com/google/gson/GsonBuilder.java:1049 MINUS -> REMAINDER | gin.edit.modifynode.BinaryOperatorReplacement  ./gson/src/main/java/com/google/gson/GsonBuilder.java:1049 MINUS -> DIVIDE |","true","true","113.88051","0","77"
"com.google.gson.GsonBuilder","| gin.edit.modifynode.BinaryOperatorReplacement  ./gson/src/main/java/com/google/gson/GsonBuilder.java:1050 PLUS -> LEFT_SHIFT | gin.edit.modifynode.BinaryOperatorReplacement  ./gson/src/main/java/com/google/gson/GsonBuilder.java:1049 MINUS -> REMAINDER | gin.edit.modifynode.BinaryOperatorReplacement  ./gson/src/main/java/com/google/gson/GsonBuilder.java:1049 MINUS -> PLUS |","true","true","77.20607","0","77"
"com.google.gson.GsonBuilder","| gin.edit.modifynode.BinaryOperatorReplacement  ./gson/src/main/java/com/google/gson/GsonBuilder.java:1050 PLUS -> LEFT_SHIFT | gin.edit.modifynode.BinaryOperatorReplacement  ./gson/src/main/java/com/google/gson/GsonBuilder.java:1049 MINUS -> DIVIDE | gin.edit.modifynode.BinaryOperatorReplacement  ./gson/src/main/java/com/google/gson/GsonBuilder.java:1050 PLUS -> LEFT_SHIFT |","true","true","105.70566","0","77"
"com.google.gson.GsonBuilder","| gin.edit.modifynode.BinaryOperatorReplacement  ./gson/src/main/java/com/google/gson/GsonBuilder.java:1050 PLUS -> LEFT_SHIFT | gin.edit.modifynode.BinaryOperatorReplacement  ./gson/src/main/java/com/google/gson/GsonBuilder.java:1049 MINUS -> DIVIDE | gin.edit.modifynode.BinaryOperatorReplacement  ./gson/src/main/java/com/google/gson/GsonBuilder.java:1050 PLUS -> LEFT_SHIFT |","true","true","91.63508","0","77"
"com.google.gson.GsonBuilder","| gin.edit.modifynode.BinaryOperatorReplacement  ./gson/src/main/java/com/google/gson/GsonBuilder.java:1050 PLUS -> LEFT_SHIFT | gin.edit.modifynode.BinaryOperatorReplacement  ./gson/src/main/java/com/google/gson/GsonBuilder.java:1049 MINUS -> REMAINDER | gin.edit.modifynode.BinaryOperatorReplacement  ./gson/src/main/java/com/google/gson/GsonBuilder.java:1049 MINUS -> REMAINDER |","true","true","88.20745","0","77"
"com.google.gson.GsonBuilder","| gin.edit.modifynode.BinaryOperatorReplacement  ./gson/src/main/java/com/google/gson/GsonBuilder.java:1050 PLUS -> LEFT_SHIFT | gin.edit.modifynode.BinaryOperatorReplacement  ./gson/src/main/java/com/google/gson/GsonBuilder.java:1049 MINUS -> REMAINDER | gin.edit.modifynode.BinaryOperatorReplacement  ./gson/src/main/java/com/google/gson/GsonBuilder.java:1050 PLUS -> DIVIDE |","true","true","97.065506","0","77"
"com.google.gson.GsonBuilder","| gin.edit.modifynode.BinaryOperatorReplacement  ./gson/src/main/java/com/google/gson/GsonBuilder.java:1050 PLUS -> SIGNED_RIGHT_SHIFT | gin.edit.modifynode.BinaryOperatorReplacement  ./gson/src/main/java/com/google/gson/GsonBuilder.java:1049 MINUS -> DIVIDE | gin.edit.modifynode.BinaryOperatorReplacement  ./gson/src/main/java/com/google/gson/GsonBuilder.java:1050 PLUS -> SIGNED_RIGHT_SHIFT | gin.edit.modifynode.BinaryOperatorReplacement  ./gson/src/main/java/com/google/gson/GsonBuilder.java:1050 PLUS -> REMAINDER |","true","true","102.03343","0","77"
"com.google.gson.GsonBuilder","| gin.edit.modifynode.BinaryOperatorReplacement  ./gson/src/main/java/com/google/gson/GsonBuilder.java:1050 PLUS -> LEFT_SHIFT | gin.edit.modifynode.BinaryOperatorReplacement  ./gson/src/main/java/com/google/gson/GsonBuilder.java:1049 MINUS -> DIVIDE | gin.edit.modifynode.BinaryOperatorReplacement  ./gson/src/main/java/com/google/gson/GsonBuilder.java:1050 PLUS -> SIGNED_RIGHT_SHIFT | gin.edit.modifynode.BinaryOperatorReplacement  ./gson/src/main/java/com/google/gson/GsonBuilder.java:1050 PLUS -> LEFT_SHIFT |","true","true","102.955635","0","77"
"com.google.gson.GsonBuilder","| gin.edit.modifynode.BinaryOperatorReplacement  ./gson/src/main/java/com/google/gson/GsonBuilder.java:1050 PLUS -> SIGNED_RIGHT_SHIFT | gin.edit.modifynode.BinaryOperatorReplacement  ./gson/src/main/java/com/google/gson/GsonBuilder.java:1049 MINUS -> REMAINDER | gin.edit.modifynode.BinaryOperatorReplacement  ./gson/src/main/java/com/google/gson/GsonBuilder.java:1050 PLUS -> DIVIDE |","true","true","99.91341","0","77"
"com.google.gson.GsonBuilder","| gin.edit.modifynode.BinaryOperatorReplacement  ./gson/src/main/java/com/google/gson/GsonBuilder.java:1050 PLUS -> MULTIPLY | gin.edit.modifynode.BinaryOperatorReplacement  ./gson/src/main/java/com/google/gson/GsonBuilder.java:1049 MINUS -> PLUS |","true","true","95.388756","0","77"
"com.google.gson.GsonBuilder","| gin.edit.modifynode.BinaryOperatorReplacement  ./gson/src/main/java/com/google/gson/GsonBuilder.java:1050 PLUS -> SIGNED_RIGHT_SHIFT | gin.edit.modifynode.BinaryOperatorReplacement  ./gson/src/main/java/com/google/gson/GsonBuilder.java:1049 MINUS -> DIVIDE | gin.edit.modifynode.BinaryOperatorReplacement  ./gson/src/main/java/com/google/gson/GsonBuilder.java:1050 PLUS -> SIGNED_RIGHT_SHIFT | gin.edit.modifynode.BinaryOperatorReplacement  ./gson/src/main/java/com/google/gson/GsonBuilder.java:1049 MINUS -> REMAINDER |","true","true","94.33904","0","77"
"com.google.gson.GsonBuilder","| gin.edit.modifynode.BinaryOperatorReplacement  ./gson/src/main/java/com/google/gson/GsonBuilder.java:1050 PLUS -> MULTIPLY | gin.edit.modifynode.BinaryOperatorReplacement  ./gson/src/main/java/com/google/gson/GsonBuilder.java:1049 MINUS -> DIVIDE | gin.edit.modifynode.BinaryOperatorReplacement  ./gson/src/main/java/com/google/gson/GsonBuilder.java:1050 PLUS -> SIGNED_RIGHT_SHIFT |","true","true","94.47958","0","77"
"com.google.gson.GsonBuilder","| gin.edit.modifynode.BinaryOperatorReplacement  ./gson/src/main/java/com/google/gson/GsonBuilder.java:1050 PLUS -> SIGNED_RIGHT_SHIFT | gin.edit.modifynode.BinaryOperatorReplacement  ./gson/src/main/java/com/google/gson/GsonBuilder.java:1049 MINUS -> PLUS |","true","true","94.79062","0","77"
"com.google.gson.GsonBuilder","| gin.edit.modifynode.BinaryOperatorReplacement  ./gson/src/main/java/com/google/gson/GsonBuilder.java:1049 MINUS -> DIVIDE | gin.edit.modifynode.BinaryOperatorReplacement  ./gson/src/main/java/com/google/gson/GsonBuilder.java:1049 MINUS -> REMAINDER | gin.edit.modifynode.BinaryOperatorReplacement  ./gson/src/main/java/com/google/gson/GsonBuilder.java:1049 MINUS -> MULTIPLY |","true","true","121.19381","0","77"
"com.google.gson.GsonBuilder","| gin.edit.modifynode.BinaryOperatorReplacement  ./gson/src/main/java/com/google/gson/GsonBuilder.java:1049 MINUS -> DIVIDE |","true","true","108.15327","0","77"
"com.google.gson.GsonBuilder","| gin.edit.modifynode.BinaryOperatorReplacement  ./gson/src/main/java/com/google/gson/GsonBuilder.java:1049 MINUS -> DIVIDE | gin.edit.modifynode.BinaryOperatorReplacement  ./gson/src/main/java/com/google/gson/GsonBuilder.java:1049 MINUS -> DIVIDE |","true","true","91.865845","0","77"
"com.google.gson.GsonBuilder","| gin.edit.modifynode.BinaryOperatorReplacement  ./gson/src/main/java/com/google/gson/GsonBuilder.java:1049 MINUS -> REMAINDER | gin.edit.modifynode.BinaryOperatorReplacement  ./gson/src/main/java/com/google/gson/GsonBuilder.java:1049 MINUS -> MULTIPLY |","true","true","97.51323","0","77"
"com.google.gson.GsonBuilder","| gin.edit.modifynode.BinaryOperatorReplacement  ./gson/src/main/java/com/google/gson/GsonBuilder.java:1050 PLUS -> MULTIPLY | gin.edit.modifynode.BinaryOperatorReplacement  ./gson/src/main/java/com/google/gson/GsonBuilder.java:1049 MINUS -> PLUS | gin.edit.modifynode.BinaryOperatorReplacement  ./gson/src/main/java/com/google/gson/GsonBuilder.java:1049 MINUS -> UNSIGNED_RIGHT_SHIFT |","true","true","95.214195","0","77"
"com.google.gson.GsonBuilder","| gin.edit.modifynode.BinaryOperatorReplacement  ./gson/src/main/java/com/google/gson/GsonBuilder.java:1049 MINUS -> DIVIDE | gin.edit.modifynode.BinaryOperatorReplacement  ./gson/src/main/java/com/google/gson/GsonBuilder.java:1049 MINUS -> REMAINDER | gin.edit.modifynode.BinaryOperatorReplacement  ./gson/src/main/java/com/google/gson/GsonBuilder.java:1049 MINUS -> MULTIPLY |","true","true","120.341774","0","77"
"com.google.gson.GsonBuilder","| gin.edit.modifynode.BinaryOperatorReplacement  ./gson/src/main/java/com/google/gson/GsonBuilder.java:1050 PLUS -> MULTIPLY | gin.edit.modifynode.BinaryOperatorReplacement  ./gson/src/main/java/com/google/gson/GsonBuilder.java:1049 MINUS -> PLUS | gin.edit.modifynode.BinaryOperatorReplacement  ./gson/src/main/java/com/google/gson/GsonBuilder.java:1049 MINUS -> DIVIDE |","true","true","80.82396","0","77"
"com.google.gson.GsonBuilder","| gin.edit.modifynode.BinaryOperatorReplacement  ./gson/src/main/java/com/google/gson/GsonBuilder.java:1049 MINUS -> DIVIDE | gin.edit.modifynode.BinaryOperatorReplacement  ./gson/src/main/java/com/google/gson/GsonBuilder.java:1049 MINUS -> PLUS | gin.edit.modifynode.BinaryOperatorReplacement  ./gson/src/main/java/com/google/gson/GsonBuilder.java:1049 MINUS -> UNSIGNED_RIGHT_SHIFT |","true","true","95.525986","0","77"
"com.google.gson.GsonBuilder","| gin.edit.modifynode.BinaryOperatorReplacement  ./gson/src/main/java/com/google/gson/GsonBuilder.java:1050 PLUS -> MULTIPLY | gin.edit.modifynode.BinaryOperatorReplacement  ./gson/src/main/java/com/google/gson/GsonBuilder.java:1049 MINUS -> REMAINDER | gin.edit.modifynode.BinaryOperatorReplacement  ./gson/src/main/java/com/google/gson/GsonBuilder.java:1049 MINUS -> MULTIPLY |","true","true","80.81324","0","77"
"com.google.gson.GsonBuilder","| gin.edit.modifynode.BinaryOperatorReplacement  ./gson/src/main/java/com/google/gson/GsonBuilder.java:1050 PLUS -> LEFT_SHIFT | gin.edit.modifynode.BinaryOperatorReplacement  ./gson/src/main/java/com/google/gson/GsonBuilder.java:1050 PLUS -> LEFT_SHIFT | gin.edit.modifynode.BinaryOperatorReplacement  ./gson/src/main/java/com/google/gson/GsonBuilder.java:1050 PLUS -> UNSIGNED_RIGHT_SHIFT | gin.edit.modifynode.BinaryOperatorReplacement  ./gson/src/main/java/com/google/gson/GsonBuilder.java:1049 MINUS -> REMAINDER |","true","true","100.7511","0","77"
"com.google.gson.GsonBuilder","| gin.edit.modifynode.BinaryOperatorReplacement  ./gson/src/main/java/com/google/gson/GsonBuilder.java:1049 MINUS -> DIVIDE | gin.edit.modifynode.BinaryOperatorReplacement  ./gson/src/main/java/com/google/gson/GsonBuilder.java:1049 MINUS -> REMAINDER | gin.edit.modifynode.BinaryOperatorReplacement  ./gson/src/main/java/com/google/gson/GsonBuilder.java:1049 MINUS -> MULTIPLY |","true","true","83.84757","0","77"
"com.google.gson.GsonBuilder","| gin.edit.modifynode.BinaryOperatorReplacement  ./gson/src/main/java/com/google/gson/GsonBuilder.java:1050 PLUS -> LEFT_SHIFT | gin.edit.modifynode.BinaryOperatorReplacement  ./gson/src/main/java/com/google/gson/GsonBuilder.java:1050 PLUS -> LEFT_SHIFT | gin.edit.modifynode.BinaryOperatorReplacement  ./gson/src/main/java/com/google/gson/GsonBuilder.java:1049 MINUS -> REMAINDER | gin.edit.modifynode.BinaryOperatorReplacement  ./gson/src/main/java/com/google/gson/GsonBuilder.java:1049 MINUS -> MULTIPLY |","true","true","84.25018","0","77"
"com.google.gson.GsonBuilder","| gin.edit.modifynode.BinaryOperatorReplacement  ./gson/src/main/java/com/google/gson/GsonBuilder.java:1049 MINUS -> DIVIDE | gin.edit.modifynode.BinaryOperatorReplacement  ./gson/src/main/java/com/google/gson/GsonBuilder.java:1050 PLUS -> UNSIGNED_RIGHT_SHIFT | gin.edit.modifynode.BinaryOperatorReplacement  ./gson/src/main/java/com/google/gson/GsonBuilder.java:1049 MINUS -> REMAINDER | gin.edit.modifynode.BinaryOperatorReplacement  ./gson/src/main/java/com/google/gson/GsonBuilder.java:1050 PLUS -> LEFT_SHIFT |","true","true","111.55868","0","77"
"com.google.gson.GsonBuilder","| gin.edit.modifynode.BinaryOperatorReplacement  ./gson/src/main/java/com/google/gson/GsonBuilder.java:1050 PLUS -> LEFT_SHIFT | gin.edit.modifynode.BinaryOperatorReplacement  ./gson/src/main/java/com/google/gson/GsonBuilder.java:1049 MINUS -> DIVIDE | gin.edit.modifynode.BinaryOperatorReplacement  ./gson/src/main/java/com/google/gson/GsonBuilder.java:1050 PLUS -> SIGNED_RIGHT_SHIFT | gin.edit.modifynode.BinaryOperatorReplacement  ./gson/src/main/java/com/google/gson/GsonBuilder.java:1050 PLUS -> LEFT_SHIFT |","true","true","92.949165","0","77"
"com.google.gson.GsonBuilder","| gin.edit.modifynode.BinaryOperatorReplacement  ./gson/src/main/java/com/google/gson/GsonBuilder.java:1050 PLUS -> LEFT_SHIFT | gin.edit.modifynode.BinaryOperatorReplacement  ./gson/src/main/java/com/google/gson/GsonBuilder.java:1049 MINUS -> DIVIDE | gin.edit.modifynode.BinaryOperatorReplacement  ./gson/src/main/java/com/google/gson/GsonBuilder.java:1050 PLUS -> SIGNED_RIGHT_SHIFT | gin.edit.modifynode.BinaryOperatorReplacement  ./gson/src/main/java/com/google/gson/GsonBuilder.java:1050 PLUS -> LEFT_SHIFT | gin.edit.modifynode.BinaryOperatorReplacement  ./gson/src/main/java/com/google/gson/GsonBuilder.java:1049 MINUS -> MULTIPLY |","true","true","84.29959","0","77"
"com.google.gson.GsonBuilder","| gin.edit.modifynode.BinaryOperatorReplacement  ./gson/src/main/java/com/google/gson/GsonBuilder.java:1050 PLUS -> LEFT_SHIFT | gin.edit.modifynode.BinaryOperatorReplacement  ./gson/src/main/java/com/google/gson/GsonBuilder.java:1049 MINUS -> DIVIDE | gin.edit.modifynode.BinaryOperatorReplacement  ./gson/src/main/java/com/google/gson/GsonBuilder.java:1050 PLUS -> SIGNED_RIGHT_SHIFT | gin.edit.modifynode.BinaryOperatorReplacement  ./gson/src/main/java/com/google/gson/GsonBuilder.java:1050 PLUS -> LEFT_SHIFT | gin.edit.modifynode.BinaryOperatorReplacement  ./gson/src/main/java/com/google/gson/GsonBuilder.java:1050 PLUS -> LEFT_SHIFT |","true","true","82.58579","0","77"
"com.google.gson.GsonBuilder","| gin.edit.modifynode.BinaryOperatorReplacement  ./gson/src/main/java/com/google/gson/GsonBuilder.java:1050 PLUS -> LEFT_SHIFT | gin.edit.modifynode.BinaryOperatorReplacement  ./gson/src/main/java/com/google/gson/GsonBuilder.java:1049 MINUS -> DIVIDE | gin.edit.modifynode.BinaryOperatorReplacement  ./gson/src/main/java/com/google/gson/GsonBuilder.java:1050 PLUS -> SIGNED_RIGHT_SHIFT | gin.edit.modifynode.BinaryOperatorReplacement  ./gson/src/main/java/com/google/gson/GsonBuilder.java:1050 PLUS -> LEFT_SHIFT |","true","true","90.62086","0","77"
"com.google.gson.GsonBuilder","| gin.edit.modifynode.BinaryOperatorReplacement  ./gson/src/main/java/com/google/gson/GsonBuilder.java:1050 PLUS -> LEFT_SHIFT | gin.edit.modifynode.BinaryOperatorReplacement  ./gson/src/main/java/com/google/gson/GsonBuilder.java:1049 MINUS -> REMAINDER | gin.edit.modifynode.BinaryOperatorReplacement  ./gson/src/main/java/com/google/gson/GsonBuilder.java:1049 MINUS -> PLUS | gin.edit.modifynode.BinaryOperatorReplacement  ./gson/src/main/java/com/google/gson/GsonBuilder.java:1049 MINUS -> MULTIPLY |","true","true","93.10923","0","77"
"com.google.gson.GsonBuilder","| gin.edit.modifynode.BinaryOperatorReplacement  ./gson/src/main/java/com/google/gson/GsonBuilder.java:1050 PLUS -> LEFT_SHIFT | gin.edit.modifynode.BinaryOperatorReplacement  ./gson/src/main/java/com/google/gson/GsonBuilder.java:1050 PLUS -> LEFT_SHIFT | gin.edit.modifynode.BinaryOperatorReplacement  ./gson/src/main/java/com/google/gson/GsonBuilder.java:1050 PLUS -> UNSIGNED_RIGHT_SHIFT | gin.edit.modifynode.BinaryOperatorReplacement  ./gson/src/main/java/com/google/gson/GsonBuilder.java:1049 MINUS -> REMAINDER |","true","true","92.17043","0","77"
"com.google.gson.GsonBuilder","| gin.edit.modifynode.BinaryOperatorReplacement  ./gson/src/main/java/com/google/gson/GsonBuilder.java:1050 PLUS -> LEFT_SHIFT | gin.edit.modifynode.BinaryOperatorReplacement  ./gson/src/main/java/com/google/gson/GsonBuilder.java:1050 PLUS -> UNSIGNED_RIGHT_SHIFT | gin.edit.modifynode.BinaryOperatorReplacement  ./gson/src/main/java/com/google/gson/GsonBuilder.java:1049 MINUS -> REMAINDER | gin.edit.modifynode.BinaryOperatorReplacement  ./gson/src/main/java/com/google/gson/GsonBuilder.java:1050 PLUS -> MINUS |","true","true","77.01253","0","77"
"com.google.gson.GsonBuilder","| gin.edit.modifynode.BinaryOperatorReplacement  ./gson/src/main/java/com/google/gson/GsonBuilder.java:1050 PLUS -> LEFT_SHIFT | gin.edit.modifynode.BinaryOperatorReplacement  ./gson/src/main/java/com/google/gson/GsonBuilder.java:1050 PLUS -> LEFT_SHIFT | gin.edit.modifynode.BinaryOperatorReplacement  ./gson/src/main/java/com/google/gson/GsonBuilder.java:1049 MINUS -> REMAINDER | gin.edit.modifynode.BinaryOperatorReplacement  ./gson/src/main/java/com/google/gson/GsonBuilder.java:1049 MINUS -> PLUS | gin.edit.modifynode.BinaryOperatorReplacement  ./gson/src/main/java/com/google/gson/GsonBuilder.java:1049 MINUS -> DIVIDE |","true","true","99.4367","0","77"
"com.google.gson.GsonBuilder","| gin.edit.modifynode.BinaryOperatorReplacement  ./gson/src/main/java/com/google/gson/GsonBuilder.java:1049 MINUS -> REMAINDER | gin.edit.modifynode.BinaryOperatorReplacement  ./gson/src/main/java/com/google/gson/GsonBuilder.java:1049 MINUS -> MULTIPLY |","true","true","126.88876","0","77"
"com.google.gson.GsonBuilder","| gin.edit.modifynode.BinaryOperatorReplacement  ./gson/src/main/java/com/google/gson/GsonBuilder.java:1050 PLUS -> UNSIGNED_RIGHT_SHIFT | gin.edit.modifynode.BinaryOperatorReplacement  ./gson/src/main/java/com/google/gson/GsonBuilder.java:1049 MINUS -> REMAINDER | gin.edit.modifynode.BinaryOperatorReplacement  ./gson/src/main/java/com/google/gson/GsonBuilder.java:1049 MINUS -> DIVIDE |","true","true","84.36301","0","77"
"com.google.gson.GsonBuilder","| gin.edit.modifynode.BinaryOperatorReplacement  ./gson/src/main/java/com/google/gson/GsonBuilder.java:1049 MINUS -> REMAINDER | gin.edit.modifynode.BinaryOperatorReplacement  ./gson/src/main/java/com/google/gson/GsonBuilder.java:1049 MINUS -> REMAINDER | gin.edit.modifynode.BinaryOperatorReplacement  ./gson/src/main/java/com/google/gson/GsonBuilder.java:1049 MINUS -> DIVIDE | gin.edit.modifynode.BinaryOperatorReplacement  ./gson/src/main/java/com/google/gson/GsonBuilder.java:1050 PLUS -> MINUS |","true","true","90.83591","0","77"
"com.google.gson.GsonBuilder","| gin.edit.modifynode.BinaryOperatorReplacement  ./gson/src/main/java/com/google/gson/GsonBuilder.java:1050 PLUS -> UNSIGNED_RIGHT_SHIFT | gin.edit.modifynode.BinaryOperatorReplacement  ./gson/src/main/java/com/google/gson/GsonBuilder.java:1049 MINUS -> MULTIPLY |","true","true","123.68365","0","77"
"com.google.gson.GsonBuilder","| gin.edit.modifynode.BinaryOperatorReplacement  ./gson/src/main/java/com/google/gson/GsonBuilder.java:1050 PLUS -> MULTIPLY | gin.edit.modifynode.BinaryOperatorReplacement  ./gson/src/main/java/com/google/gson/GsonBuilder.java:1049 MINUS -> PLUS | gin.edit.modifynode.BinaryOperatorReplacement  ./gson/src/main/java/com/google/gson/GsonBuilder.java:1049 MINUS -> UNSIGNED_RIGHT_SHIFT |","true","true","96.80748","0","77"
"com.google.gson.GsonBuilder","| gin.edit.modifynode.BinaryOperatorReplacement  ./gson/src/main/java/com/google/gson/GsonBuilder.java:1050 PLUS -> LEFT_SHIFT | gin.edit.modifynode.BinaryOperatorReplacement  ./gson/src/main/java/com/google/gson/GsonBuilder.java:1050 PLUS -> LEFT_SHIFT | gin.edit.modifynode.BinaryOperatorReplacement  ./gson/src/main/java/com/google/gson/GsonBuilder.java:1049 MINUS -> REMAINDER | gin.edit.modifynode.BinaryOperatorReplacement  ./gson/src/main/java/com/google/gson/GsonBuilder.java:1049 MINUS -> PLUS | gin.edit.modifynode.BinaryOperatorReplacement  ./gson/src/main/java/com/google/gson/GsonBuilder.java:1049 MINUS -> DIVIDE | gin.edit.modifynode.BinaryOperatorReplacement  ./gson/src/main/java/com/google/gson/GsonBuilder.java:1050 PLUS -> SIGNED_RIGHT_SHIFT |","true","true","129.7913","0","77"
"com.google.gson.GsonBuilder","| gin.edit.modifynode.BinaryOperatorReplacement  ./gson/src/main/java/com/google/gson/GsonBuilder.java:1050 PLUS -> MULTIPLY | gin.edit.modifynode.BinaryOperatorReplacement  ./gson/src/main/java/com/google/gson/GsonBuilder.java:1049 MINUS -> REMAINDER | gin.edit.modifynode.BinaryOperatorReplacement  ./gson/src/main/java/com/google/gson/GsonBuilder.java:1049 MINUS -> MULTIPLY | gin.edit.modifynode.BinaryOperatorReplacement  ./gson/src/main/java/com/google/gson/GsonBuilder.java:1049 MINUS -> LEFT_SHIFT |","true","true","89.62947","0","77"
"com.google.gson.GsonBuilder","| gin.edit.modifynode.BinaryOperatorReplacement  ./gson/src/main/java/com/google/gson/GsonBuilder.java:1050 PLUS -> LEFT_SHIFT | gin.edit.modifynode.BinaryOperatorReplacement  ./gson/src/main/java/com/google/gson/GsonBuilder.java:1050 PLUS -> LEFT_SHIFT | gin.edit.modifynode.BinaryOperatorReplacement  ./gson/src/main/java/com/google/gson/GsonBuilder.java:1049 MINUS -> REMAINDER | gin.edit.modifynode.BinaryOperatorReplacement  ./gson/src/main/java/com/google/gson/GsonBuilder.java:1049 MINUS -> MULTIPLY |","true","true","112.99826","0","77"
"com.google.gson.GsonBuilder","| gin.edit.modifynode.BinaryOperatorReplacement  ./gson/src/main/java/com/google/gson/GsonBuilder.java:1050 PLUS -> MULTIPLY | gin.edit.modifynode.BinaryOperatorReplacement  ./gson/src/main/java/com/google/gson/GsonBuilder.java:1049 MINUS -> REMAINDER | gin.edit.modifynode.BinaryOperatorReplacement  ./gson/src/main/java/com/google/gson/GsonBuilder.java:1049 MINUS -> PLUS | gin.edit.modifynode.BinaryOperatorReplacement  ./gson/src/main/java/com/google/gson/GsonBuilder.java:1049 MINUS -> DIVIDE | gin.edit.modifynode.BinaryOperatorReplacement  ./gson/src/main/java/com/google/gson/GsonBuilder.java:1050 PLUS -> MINUS |","true","true","77.58876","0","77"
"com.google.gson.GsonBuilder","| gin.edit.modifynode.BinaryOperatorReplacement  ./gson/src/main/java/com/google/gson/GsonBuilder.java:1050 PLUS -> LEFT_SHIFT | gin.edit.modifynode.BinaryOperatorReplacement  ./gson/src/main/java/com/google/gson/GsonBuilder.java:1049 MINUS -> DIVIDE | gin.edit.modifynode.BinaryOperatorReplacement  ./gson/src/main/java/com/google/gson/GsonBuilder.java:1050 PLUS -> SIGNED_RIGHT_SHIFT | gin.edit.modifynode.BinaryOperatorReplacement  ./gson/src/main/java/com/google/gson/GsonBuilder.java:1050 PLUS -> LEFT_SHIFT | gin.edit.modifynode.BinaryOperatorReplacement  ./gson/src/main/java/com/google/gson/GsonBuilder.java:1050 PLUS -> LEFT_SHIFT | gin.edit.modifynode.BinaryOperatorReplacement  ./gson/src/main/java/com/google/gson/GsonBuilder.java:1050 PLUS -> DIVIDE |","true","true","99.433205","0","77"
"com.google.gson.GsonBuilder","| gin.edit.modifynode.BinaryOperatorReplacement  ./gson/src/main/java/com/google/gson/GsonBuilder.java:1050 PLUS -> LEFT_SHIFT | gin.edit.modifynode.BinaryOperatorReplacement  ./gson/src/main/java/com/google/gson/GsonBuilder.java:1049 MINUS -> DIVIDE | gin.edit.modifynode.BinaryOperatorReplacement  ./gson/src/main/java/com/google/gson/GsonBuilder.java:1050 PLUS -> SIGNED_RIGHT_SHIFT | gin.edit.modifynode.BinaryOperatorReplacement  ./gson/src/main/java/com/google/gson/GsonBuilder.java:1050 PLUS -> LEFT_SHIFT | gin.edit.modifynode.BinaryOperatorReplacement  ./gson/src/main/java/com/google/gson/GsonBuilder.java:1050 PLUS -> LEFT_SHIFT |","true","true","92.91365","0","77"
"com.google.gson.GsonBuilder","| gin.edit.modifynode.BinaryOperatorReplacement  ./gson/src/main/java/com/google/gson/GsonBuilder.java:1050 PLUS -> LEFT_SHIFT | gin.edit.modifynode.BinaryOperatorReplacement  ./gson/src/main/java/com/google/gson/GsonBuilder.java:1049 MINUS -> DIVIDE | gin.edit.modifynode.BinaryOperatorReplacement  ./gson/src/main/java/com/google/gson/GsonBuilder.java:1050 PLUS -> SIGNED_RIGHT_SHIFT | gin.edit.modifynode.BinaryOperatorReplacement  ./gson/src/main/java/com/google/gson/GsonBuilder.java:1050 PLUS -> LEFT_SHIFT | gin.edit.modifynode.BinaryOperatorReplacement  ./gson/src/main/java/com/google/gson/GsonBuilder.java:1050 PLUS -> LEFT_SHIFT |","true","true","108.66956","0","77"
"com.google.gson.GsonBuilder","| gin.edit.modifynode.BinaryOperatorReplacement  ./gson/src/main/java/com/google/gson/GsonBuilder.java:1050 PLUS -> LEFT_SHIFT | gin.edit.modifynode.BinaryOperatorReplacement  ./gson/src/main/java/com/google/gson/GsonBuilder.java:1049 MINUS -> DIVIDE | gin.edit.modifynode.BinaryOperatorReplacement  ./gson/src/main/java/com/google/gson/GsonBuilder.java:1050 PLUS -> SIGNED_RIGHT_SHIFT | gin.edit.modifynode.BinaryOperatorReplacement  ./gson/src/main/java/com/google/gson/GsonBuilder.java:1050 PLUS -> LEFT_SHIFT | gin.edit.modifynode.BinaryOperatorReplacement  ./gson/src/main/java/com/google/gson/GsonBuilder.java:1050 PLUS -> LEFT_SHIFT | gin.edit.modifynode.BinaryOperatorReplacement  ./gson/src/main/java/com/google/gson/GsonBuilder.java:1049 MINUS -> DIVIDE |","true","true","98.28805","0","77"
"com.google.gson.GsonBuilder","| gin.edit.modifynode.BinaryOperatorReplacement  ./gson/src/main/java/com/google/gson/GsonBuilder.java:1049 MINUS -> DIVIDE | gin.edit.modifynode.BinaryOperatorReplacement  ./gson/src/main/java/com/google/gson/GsonBuilder.java:1049 MINUS -> REMAINDER | gin.edit.modifynode.BinaryOperatorReplacement  ./gson/src/main/java/com/google/gson/GsonBuilder.java:1049 MINUS -> MULTIPLY |","true","true","87.97238","0","77"
"com.google.gson.GsonBuilder","| gin.edit.modifynode.BinaryOperatorReplacement  ./gson/src/main/java/com/google/gson/GsonBuilder.java:1050 PLUS -> LEFT_SHIFT | gin.edit.modifynode.BinaryOperatorReplacement  ./gson/src/main/java/com/google/gson/GsonBuilder.java:1050 PLUS -> UNSIGNED_RIGHT_SHIFT | gin.edit.modifynode.BinaryOperatorReplacement  ./gson/src/main/java/com/google/gson/GsonBuilder.java:1049 MINUS -> REMAINDER | gin.edit.modifynode.BinaryOperatorReplacement  ./gson/src/main/java/com/google/gson/GsonBuilder.java:1050 PLUS -> MINUS | gin.edit.modifynode.BinaryOperatorReplacement  ./gson/src/main/java/com/google/gson/GsonBuilder.java:1049 MINUS -> LEFT_SHIFT |","true","true","110.41907","0","77"
"com.google.gson.GsonBuilder","| gin.edit.modifynode.BinaryOperatorReplacement  ./gson/src/main/java/com/google/gson/GsonBuilder.java:1049 MINUS -> DIVIDE | gin.edit.modifynode.BinaryOperatorReplacement  ./gson/src/main/java/com/google/gson/GsonBuilder.java:1049 MINUS -> REMAINDER | gin.edit.modifynode.BinaryOperatorReplacement  ./gson/src/main/java/com/google/gson/GsonBuilder.java:1050 PLUS -> MINUS | gin.edit.modifynode.BinaryOperatorReplacement  ./gson/src/main/java/com/google/gson/GsonBuilder.java:1050 PLUS -> SIGNED_RIGHT_SHIFT |","true","true","119.38575","0","77"
"com.google.gson.GsonBuilder","| gin.edit.modifynode.BinaryOperatorReplacement  ./gson/src/main/java/com/google/gson/GsonBuilder.java:1050 PLUS -> LEFT_SHIFT | gin.edit.modifynode.BinaryOperatorReplacement  ./gson/src/main/java/com/google/gson/GsonBuilder.java:1050 PLUS -> UNSIGNED_RIGHT_SHIFT | gin.edit.modifynode.BinaryOperatorReplacement  ./gson/src/main/java/com/google/gson/GsonBuilder.java:1049 MINUS -> REMAINDER | gin.edit.modifynode.BinaryOperatorReplacement  ./gson/src/main/java/com/google/gson/GsonBuilder.java:1049 MINUS -> MULTIPLY |","true","true","123.365616","0","77"
"com.google.gson.GsonBuilder","| gin.edit.modifynode.BinaryOperatorReplacement  ./gson/src/main/java/com/google/gson/GsonBuilder.java:1050 PLUS -> LEFT_SHIFT | gin.edit.modifynode.BinaryOperatorReplacement  ./gson/src/main/java/com/google/gson/GsonBuilder.java:1050 PLUS -> LEFT_SHIFT | gin.edit.modifynode.BinaryOperatorReplacement  ./gson/src/main/java/com/google/gson/GsonBuilder.java:1050 PLUS -> UNSIGNED_RIGHT_SHIFT | gin.edit.modifynode.BinaryOperatorReplacement  ./gson/src/main/java/com/google/gson/GsonBuilder.java:1049 MINUS -> REMAINDER | gin.edit.modifynode.BinaryOperatorReplacement  ./gson/src/main/java/com/google/gson/GsonBuilder.java:1050 PLUS -> REMAINDER |","true","true","119.524765","0","77"
"com.google.gson.GsonBuilder","| gin.edit.modifynode.BinaryOperatorReplacement  ./gson/src/main/java/com/google/gson/GsonBuilder.java:1050 PLUS -> MULTIPLY | gin.edit.modifynode.BinaryOperatorReplacement  ./gson/src/main/java/com/google/gson/GsonBuilder.java:1049 MINUS -> REMAINDER | gin.edit.modifynode.BinaryOperatorReplacement  ./gson/src/main/java/com/google/gson/GsonBuilder.java:1049 MINUS -> MULTIPLY | gin.edit.modifynode.BinaryOperatorReplacement  ./gson/src/main/java/com/google/gson/GsonBuilder.java:1050 PLUS -> UNSIGNED_RIGHT_SHIFT |","true","true","89.84977","0","77"
"com.google.gson.GsonBuilder","| gin.edit.modifynode.BinaryOperatorReplacement  ./gson/src/main/java/com/google/gson/GsonBuilder.java:1050 PLUS -> LEFT_SHIFT | gin.edit.modifynode.BinaryOperatorReplacement  ./gson/src/main/java/com/google/gson/GsonBuilder.java:1050 PLUS -> LEFT_SHIFT | gin.edit.modifynode.BinaryOperatorReplacement  ./gson/src/main/java/com/google/gson/GsonBuilder.java:1049 MINUS -> REMAINDER | gin.edit.modifynode.BinaryOperatorReplacement  ./gson/src/main/java/com/google/gson/GsonBuilder.java:1049 MINUS -> MULTIPLY |","true","true","128.81628","0","77"
"com.google.gson.GsonBuilder","| gin.edit.modifynode.BinaryOperatorReplacement  ./gson/src/main/java/com/google/gson/GsonBuilder.java:1050 PLUS -> MULTIPLY | gin.edit.modifynode.BinaryOperatorReplacement  ./gson/src/main/java/com/google/gson/GsonBuilder.java:1050 PLUS -> UNSIGNED_RIGHT_SHIFT | gin.edit.modifynode.BinaryOperatorReplacement  ./gson/src/main/java/com/google/gson/GsonBuilder.java:1049 MINUS -> REMAINDER | gin.edit.modifynode.BinaryOperatorReplacement  ./gson/src/main/java/com/google/gson/GsonBuilder.java:1050 PLUS -> UNSIGNED_RIGHT_SHIFT |","true","true","288.48526","0","77"
"com.google.gson.GsonBuilder","| gin.edit.modifynode.BinaryOperatorReplacement  ./gson/src/main/java/com/google/gson/GsonBuilder.java:1050 PLUS -> UNSIGNED_RIGHT_SHIFT | gin.edit.modifynode.BinaryOperatorReplacement  ./gson/src/main/java/com/google/gson/GsonBuilder.java:1049 MINUS -> REMAINDER | gin.edit.modifynode.BinaryOperatorReplacement  ./gson/src/main/java/com/google/gson/GsonBuilder.java:1049 MINUS -> DIVIDE |","true","true","130.09973","0","77"
"com.google.gson.GsonBuilder","| gin.edit.modifynode.BinaryOperatorReplacement  ./gson/src/main/java/com/google/gson/GsonBuilder.java:1050 PLUS -> LEFT_SHIFT | gin.edit.modifynode.BinaryOperatorReplacement  ./gson/src/main/java/com/google/gson/GsonBuilder.java:1050 PLUS -> LEFT_SHIFT | gin.edit.modifynode.BinaryOperatorReplacement  ./gson/src/main/java/com/google/gson/GsonBuilder.java:1049 MINUS -> REMAINDER | gin.edit.modifynode.BinaryOperatorReplacement  ./gson/src/main/java/com/google/gson/GsonBuilder.java:1049 MINUS -> PLUS | gin.edit.modifynode.BinaryOperatorReplacement  ./gson/src/main/java/com/google/gson/GsonBuilder.java:1049 MINUS -> DIVIDE |","true","true","115.30466","0","77"
"com.google.gson.GsonBuilder","| gin.edit.modifynode.BinaryOperatorReplacement  ./gson/src/main/java/com/google/gson/GsonBuilder.java:1050 PLUS -> UNSIGNED_RIGHT_SHIFT | gin.edit.modifynode.BinaryOperatorReplacement  ./gson/src/main/java/com/google/gson/GsonBuilder.java:1049 MINUS -> REMAINDER | gin.edit.modifynode.BinaryOperatorReplacement  ./gson/src/main/java/com/google/gson/GsonBuilder.java:1049 MINUS -> PLUS | gin.edit.modifynode.BinaryOperatorReplacement  ./gson/src/main/java/com/google/gson/GsonBuilder.java:1049 MINUS -> DIVIDE | gin.edit.modifynode.BinaryOperatorReplacement  ./gson/src/main/java/com/google/gson/GsonBuilder.java:1049 MINUS -> DIVIDE |","true","true","95.79609","0","77"
"com.google.gson.GsonBuilder","| gin.edit.modifynode.BinaryOperatorReplacement  ./gson/src/main/java/com/google/gson/GsonBuilder.java:1050 PLUS -> LEFT_SHIFT | gin.edit.modifynode.BinaryOperatorReplacement  ./gson/src/main/java/com/google/gson/GsonBuilder.java:1050 PLUS -> LEFT_SHIFT | gin.edit.modifynode.BinaryOperatorReplacement  ./gson/src/main/java/com/google/gson/GsonBuilder.java:1049 MINUS -> REMAINDER | gin.edit.modifynode.BinaryOperatorReplacement  ./gson/src/main/java/com/google/gson/GsonBuilder.java:1049 MINUS -> DIVIDE | gin.edit.modifynode.BinaryOperatorReplacement  ./gson/src/main/java/com/google/gson/GsonBuilder.java:1049 MINUS -> SIGNED_RIGHT_SHIFT |","true","true","83.498505","0","77"
"com.google.gson.GsonBuilder","| gin.edit.modifynode.BinaryOperatorReplacement  ./gson/src/main/java/com/google/gson/GsonBuilder.java:1050 PLUS -> LEFT_SHIFT | gin.edit.modifynode.BinaryOperatorReplacement  ./gson/src/main/java/com/google/gson/GsonBuilder.java:1050 PLUS -> UNSIGNED_RIGHT_SHIFT | gin.edit.modifynode.BinaryOperatorReplacement  ./gson/src/main/java/com/google/gson/GsonBuilder.java:1049 MINUS -> REMAINDER | gin.edit.modifynode.BinaryOperatorReplacement  ./gson/src/main/java/com/google/gson/GsonBuilder.java:1050 PLUS -> MINUS | gin.edit.modifynode.BinaryOperatorReplacement  ./gson/src/main/java/com/google/gson/GsonBuilder.java:1049 MINUS -> MULTIPLY |","true","true","103.903725","0","77"
"com.google.gson.GsonBuilder","| gin.edit.modifynode.BinaryOperatorReplacement  ./gson/src/main/java/com/google/gson/GsonBuilder.java:1050 PLUS -> LEFT_SHIFT | gin.edit.modifynode.BinaryOperatorReplacement  ./gson/src/main/java/com/google/gson/GsonBuilder.java:1050 PLUS -> UNSIGNED_RIGHT_SHIFT | gin.edit.modifynode.BinaryOperatorReplacement  ./gson/src/main/java/com/google/gson/GsonBuilder.java:1049 MINUS -> REMAINDER | gin.edit.modifynode.BinaryOperatorReplacement  ./gson/src/main/java/com/google/gson/GsonBuilder.java:1049 MINUS -> MULTIPLY |","true","true","89.66482","0","77"
"com.google.gson.GsonBuilder","| gin.edit.modifynode.BinaryOperatorReplacement  ./gson/src/main/java/com/google/gson/GsonBuilder.java:1050 PLUS -> LEFT_SHIFT | gin.edit.modifynode.BinaryOperatorReplacement  ./gson/src/main/java/com/google/gson/GsonBuilder.java:1049 MINUS -> DIVIDE | gin.edit.modifynode.BinaryOperatorReplacement  ./gson/src/main/java/com/google/gson/GsonBuilder.java:1050 PLUS -> SIGNED_RIGHT_SHIFT | gin.edit.modifynode.BinaryOperatorReplacement  ./gson/src/main/java/com/google/gson/GsonBuilder.java:1050 PLUS -> LEFT_SHIFT | gin.edit.modifynode.BinaryOperatorReplacement  ./gson/src/main/java/com/google/gson/GsonBuilder.java:1050 PLUS -> LEFT_SHIFT | gin.edit.modifynode.BinaryOperatorReplacement  ./gson/src/main/java/com/google/gson/GsonBuilder.java:1050 PLUS -> DIVIDE |","true","true","82.13865","0","77"
"com.google.gson.GsonBuilder","| gin.edit.modifynode.BinaryOperatorReplacement  ./gson/src/main/java/com/google/gson/GsonBuilder.java:1050 PLUS -> LEFT_SHIFT | gin.edit.modifynode.BinaryOperatorReplacement  ./gson/src/main/java/com/google/gson/GsonBuilder.java:1050 PLUS -> UNSIGNED_RIGHT_SHIFT | gin.edit.modifynode.BinaryOperatorReplacement  ./gson/src/main/java/com/google/gson/GsonBuilder.java:1050 PLUS -> LEFT_SHIFT | gin.edit.modifynode.BinaryOperatorReplacement  ./gson/src/main/java/com/google/gson/GsonBuilder.java:1050 PLUS -> LEFT_SHIFT | gin.edit.modifynode.BinaryOperatorReplacement  ./gson/src/main/java/com/google/gson/GsonBuilder.java:1050 PLUS -> DIVIDE | gin.edit.modifynode.BinaryOperatorReplacement  ./gson/src/main/java/com/google/gson/GsonBuilder.java:1050 PLUS -> UNSIGNED_RIGHT_SHIFT |","true","false","1562.265","28","49"
"com.google.gson.GsonBuilder","| gin.edit.modifynode.BinaryOperatorReplacement  ./gson/src/main/java/com/google/gson/GsonBuilder.java:1050 PLUS -> LEFT_SHIFT | gin.edit.modifynode.BinaryOperatorReplacement  ./gson/src/main/java/com/google/gson/GsonBuilder.java:1049 MINUS -> DIVIDE | gin.edit.modifynode.BinaryOperatorReplacement  ./gson/src/main/java/com/google/gson/GsonBuilder.java:1050 PLUS -> SIGNED_RIGHT_SHIFT | gin.edit.modifynode.BinaryOperatorReplacement  ./gson/src/main/java/com/google/gson/GsonBuilder.java:1049 MINUS -> REMAINDER | gin.edit.modifynode.BinaryOperatorReplacement  ./gson/src/main/java/com/google/gson/GsonBuilder.java:1049 MINUS -> MULTIPLY |","true","true","90.675095","0","77"
"com.google.gson.GsonBuilder","| gin.edit.modifynode.BinaryOperatorReplacement  ./gson/src/main/java/com/google/gson/GsonBuilder.java:1050 PLUS -> MULTIPLY | gin.edit.modifynode.BinaryOperatorReplacement  ./gson/src/main/java/com/google/gson/GsonBuilder.java:1050 PLUS -> UNSIGNED_RIGHT_SHIFT | gin.edit.modifynode.BinaryOperatorReplacement  ./gson/src/main/java/com/google/gson/GsonBuilder.java:1049 MINUS -> REMAINDER | gin.edit.modifynode.BinaryOperatorReplacement  ./gson/src/main/java/com/google/gson/GsonBuilder.java:1050 PLUS -> UNSIGNED_RIGHT_SHIFT | gin.edit.modifynode.BinaryOperatorReplacement  ./gson/src/main/java/com/google/gson/GsonBuilder.java:1050 PLUS -> LEFT_SHIFT |","true","true","105.89633","0","77"
"com.google.gson.GsonBuilder","| gin.edit.modifynode.BinaryOperatorReplacement  ./gson/src/main/java/com/google/gson/GsonBuilder.java:1050 PLUS -> LEFT_SHIFT | gin.edit.modifynode.BinaryOperatorReplacement  ./gson/src/main/java/com/google/gson/GsonBuilder.java:1049 MINUS -> DIVIDE | gin.edit.modifynode.BinaryOperatorReplacement  ./gson/src/main/java/com/google/gson/GsonBuilder.java:1050 PLUS -> SIGNED_RIGHT_SHIFT | gin.edit.modifynode.BinaryOperatorReplacement  ./gson/src/main/java/com/google/gson/GsonBuilder.java:1050 PLUS -> LEFT_SHIFT | gin.edit.modifynode.BinaryOperatorReplacement  ./gson/src/main/java/com/google/gson/GsonBuilder.java:1050 PLUS -> LEFT_SHIFT | gin.edit.modifynode.BinaryOperatorReplacement  ./gson/src/main/java/com/google/gson/GsonBuilder.java:1049 MINUS -> UNSIGNED_RIGHT_SHIFT |","true","true","87.9047","0","77"
"com.google.gson.GsonBuilder","| gin.edit.modifynode.BinaryOperatorReplacement  ./gson/src/main/java/com/google/gson/GsonBuilder.java:1050 PLUS -> MULTIPLY | gin.edit.modifynode.BinaryOperatorReplacement  ./gson/src/main/java/com/google/gson/GsonBuilder.java:1050 PLUS -> UNSIGNED_RIGHT_SHIFT | gin.edit.modifynode.BinaryOperatorReplacement  ./gson/src/main/java/com/google/gson/GsonBuilder.java:1050 PLUS -> SIGNED_RIGHT_SHIFT | gin.edit.modifynode.BinaryOperatorReplacement  ./gson/src/main/java/com/google/gson/GsonBuilder.java:1050 PLUS -> LEFT_SHIFT | gin.edit.modifynode.BinaryOperatorReplacement  ./gson/src/main/java/com/google/gson/GsonBuilder.java:1050 PLUS -> LEFT_SHIFT |","true","false","54.803764","78","0"
"com.google.gson.GsonBuilder","| gin.edit.modifynode.BinaryOperatorReplacement  ./gson/src/main/java/com/google/gson/GsonBuilder.java:1050 PLUS -> LEFT_SHIFT | gin.edit.modifynode.BinaryOperatorReplacement  ./gson/src/main/java/com/google/gson/GsonBuilder.java:1049 MINUS -> DIVIDE | gin.edit.modifynode.BinaryOperatorReplacement  ./gson/src/main/java/com/google/gson/GsonBuilder.java:1049 MINUS -> REMAINDER | gin.edit.modifynode.BinaryOperatorReplacement  ./gson/src/main/java/com/google/gson/GsonBuilder.java:1050 PLUS -> UNSIGNED_RIGHT_SHIFT | gin.edit.modifynode.BinaryOperatorReplacement  ./gson/src/main/java/com/google/gson/GsonBuilder.java:1050 PLUS -> UNSIGNED_RIGHT_SHIFT |","true","true","93.11321","0","77"
"com.google.gson.GsonBuilder","| gin.edit.modifynode.BinaryOperatorReplacement  ./gson/src/main/java/com/google/gson/GsonBuilder.java:1049 MINUS -> DIVIDE | gin.edit.modifynode.BinaryOperatorReplacement  ./gson/src/main/java/com/google/gson/GsonBuilder.java:1049 MINUS -> REMAINDER | gin.edit.modifynode.BinaryOperatorReplacement  ./gson/src/main/java/com/google/gson/GsonBuilder.java:1049 MINUS -> MULTIPLY |","true","true","85.403885","0","77"
"com.google.gson.GsonBuilder","| gin.edit.modifynode.BinaryOperatorReplacement  ./gson/src/main/java/com/google/gson/GsonBuilder.java:1050 PLUS -> MULTIPLY | gin.edit.modifynode.BinaryOperatorReplacement  ./gson/src/main/java/com/google/gson/GsonBuilder.java:1049 MINUS -> REMAINDER | gin.edit.modifynode.BinaryOperatorReplacement  ./gson/src/main/java/com/google/gson/GsonBuilder.java:1049 MINUS -> MULTIPLY | gin.edit.modifynode.BinaryOperatorReplacement  ./gson/src/main/java/com/google/gson/GsonBuilder.java:1049 MINUS -> LEFT_SHIFT |","true","true","91.16739","0","77"
"com.google.gson.GsonBuilder","| gin.edit.modifynode.BinaryOperatorReplacement  ./gson/src/main/java/com/google/gson/GsonBuilder.java:1049 MINUS -> DIVIDE | gin.edit.modifynode.BinaryOperatorReplacement  ./gson/src/main/java/com/google/gson/GsonBuilder.java:1049 MINUS -> MULTIPLY | gin.edit.modifynode.BinaryOperatorReplacement  ./gson/src/main/java/com/google/gson/GsonBuilder.java:1049 MINUS -> LEFT_SHIFT | gin.edit.modifynode.BinaryOperatorReplacement  ./gson/src/main/java/com/google/gson/GsonBuilder.java:1050 PLUS -> UNSIGNED_RIGHT_SHIFT |","true","true","90.69151","0","77"
"com.google.gson.GsonBuilder","| gin.edit.modifynode.BinaryOperatorReplacement  ./gson/src/main/java/com/google/gson/GsonBuilder.java:1050 PLUS -> MULTIPLY | gin.edit.modifynode.BinaryOperatorReplacement  ./gson/src/main/java/com/google/gson/GsonBuilder.java:1049 MINUS -> REMAINDER | gin.edit.modifynode.BinaryOperatorReplacement  ./gson/src/main/java/com/google/gson/GsonBuilder.java:1049 MINUS -> REMAINDER | gin.edit.modifynode.BinaryOperatorReplacement  ./gson/src/main/java/com/google/gson/GsonBuilder.java:1049 MINUS -> MULTIPLY | gin.edit.modifynode.BinaryOperatorReplacement  ./gson/src/main/java/com/google/gson/GsonBuilder.java:1049 MINUS -> SIGNED_RIGHT_SHIFT |","true","true","92.97529","0","77"
"com.google.gson.GsonBuilder","| gin.edit.modifynode.BinaryOperatorReplacement  ./gson/src/main/java/com/google/gson/GsonBuilder.java:1050 PLUS -> LEFT_SHIFT | gin.edit.modifynode.BinaryOperatorReplacement  ./gson/src/main/java/com/google/gson/GsonBuilder.java:1050 PLUS -> LEFT_SHIFT | gin.edit.modifynode.BinaryOperatorReplacement  ./gson/src/main/java/com/google/gson/GsonBuilder.java:1049 MINUS -> REMAINDER | gin.edit.modifynode.BinaryOperatorReplacement  ./gson/src/main/java/com/google/gson/GsonBuilder.java:1049 MINUS -> DIVIDE | gin.edit.modifynode.BinaryOperatorReplacement  ./gson/src/main/java/com/google/gson/GsonBuilder.java:1049 MINUS -> SIGNED_RIGHT_SHIFT | gin.edit.modifynode.BinaryOperatorReplacement  ./gson/src/main/java/com/google/gson/GsonBuilder.java:1049 MINUS -> DIVIDE |","true","true","92.17062","0","77"
"com.google.gson.GsonBuilder","| gin.edit.modifynode.BinaryOperatorReplacement  ./gson/src/main/java/com/google/gson/GsonBuilder.java:1049 MINUS -> DIVIDE | gin.edit.modifynode.BinaryOperatorReplacement  ./gson/src/main/java/com/google/gson/GsonBuilder.java:1049 MINUS -> REMAINDER | gin.edit.modifynode.BinaryOperatorReplacement  ./gson/src/main/java/com/google/gson/GsonBuilder.java:1050 PLUS -> MINUS | gin.edit.modifynode.BinaryOperatorReplacement  ./gson/src/main/java/com/google/gson/GsonBuilder.java:1050 PLUS -> SIGNED_RIGHT_SHIFT |","true","true","96.3939","0","77"
"com.google.gson.GsonBuilder","| gin.edit.modifynode.BinaryOperatorReplacement  ./gson/src/main/java/com/google/gson/GsonBuilder.java:1050 PLUS -> LEFT_SHIFT | gin.edit.modifynode.BinaryOperatorReplacement  ./gson/src/main/java/com/google/gson/GsonBuilder.java:1050 PLUS -> LEFT_SHIFT | gin.edit.modifynode.BinaryOperatorReplacement  ./gson/src/main/java/com/google/gson/GsonBuilder.java:1050 PLUS -> MINUS | gin.edit.modifynode.BinaryOperatorReplacement  ./gson/src/main/java/com/google/gson/GsonBuilder.java:1050 PLUS -> SIGNED_RIGHT_SHIFT |","true","false","1589.8124","28","49"
"com.google.gson.GsonBuilder","| gin.edit.modifynode.BinaryOperatorReplacement  ./gson/src/main/java/com/google/gson/GsonBuilder.java:1049 MINUS -> DIVIDE | gin.edit.modifynode.BinaryOperatorReplacement  ./gson/src/main/java/com/google/gson/GsonBuilder.java:1049 MINUS -> REMAINDER | gin.edit.modifynode.BinaryOperatorReplacement  ./gson/src/main/java/com/google/gson/GsonBuilder.java:1049 MINUS -> REMAINDER | gin.edit.modifynode.BinaryOperatorReplacement  ./gson/src/main/java/com/google/gson/GsonBuilder.java:1049 MINUS -> DIVIDE | gin.edit.modifynode.BinaryOperatorReplacement  ./gson/src/main/java/com/google/gson/GsonBuilder.java:1049 MINUS -> SIGNED_RIGHT_SHIFT |","true","true","73.79025","0","77"
"com.google.gson.GsonBuilder","| gin.edit.modifynode.BinaryOperatorReplacement  ./gson/src/main/java/com/google/gson/GsonBuilder.java:1050 PLUS -> UNSIGNED_RIGHT_SHIFT | gin.edit.modifynode.BinaryOperatorReplacement  ./gson/src/main/java/com/google/gson/GsonBuilder.java:1049 MINUS -> REMAINDER | gin.edit.modifynode.BinaryOperatorReplacement  ./gson/src/main/java/com/google/gson/GsonBuilder.java:1049 MINUS -> DIVIDE | gin.edit.modifynode.BinaryOperatorReplacement  ./gson/src/main/java/com/google/gson/GsonBuilder.java:1049 MINUS -> REMAINDER |","true","true","98.83229","0","77"
"com.google.gson.GsonBuilder","| gin.edit.modifynode.BinaryOperatorReplacement  ./gson/src/main/java/com/google/gson/GsonBuilder.java:1050 PLUS -> LEFT_SHIFT | gin.edit.modifynode.BinaryOperatorReplacement  ./gson/src/main/java/com/google/gson/GsonBuilder.java:1049 MINUS -> DIVIDE | gin.edit.modifynode.BinaryOperatorReplacement  ./gson/src/main/java/com/google/gson/GsonBuilder.java:1050 PLUS -> SIGNED_RIGHT_SHIFT | gin.edit.modifynode.BinaryOperatorReplacement  ./gson/src/main/java/com/google/gson/GsonBuilder.java:1050 PLUS -> LEFT_SHIFT | gin.edit.modifynode.BinaryOperatorReplacement  ./gson/src/main/java/com/google/gson/GsonBuilder.java:1050 PLUS -> LEFT_SHIFT | gin.edit.modifynode.BinaryOperatorReplacement  ./gson/src/main/java/com/google/gson/GsonBuilder.java:1049 MINUS -> DIVIDE | gin.edit.modifynode.BinaryOperatorReplacement  ./gson/src/main/java/com/google/gson/GsonBuilder.java:1049 MINUS -> MULTIPLY |","true","true","77.734406","0","77"
"com.google.gson.GsonBuilder","| gin.edit.modifynode.BinaryOperatorReplacement  ./gson/src/main/java/com/google/gson/GsonBuilder.java:1050 PLUS -> UNSIGNED_RIGHT_SHIFT | gin.edit.modifynode.BinaryOperatorReplacement  ./gson/src/main/java/com/google/gson/GsonBuilder.java:1050 PLUS -> LEFT_SHIFT | gin.edit.modifynode.BinaryOperatorReplacement  ./gson/src/main/java/com/google/gson/GsonBuilder.java:1050 PLUS -> LEFT_SHIFT | gin.edit.modifynode.BinaryOperatorReplacement  ./gson/src/main/java/com/google/gson/GsonBuilder.java:1049 MINUS -> DIVIDE |","true","true","88.18971","0","77"
"com.google.gson.GsonBuilder","| gin.edit.modifynode.BinaryOperatorReplacement  ./gson/src/main/java/com/google/gson/GsonBuilder.java:1050 PLUS -> LEFT_SHIFT | gin.edit.modifynode.BinaryOperatorReplacement  ./gson/src/main/java/com/google/gson/GsonBuilder.java:1049 MINUS -> DIVIDE | gin.edit.modifynode.BinaryOperatorReplacement  ./gson/src/main/java/com/google/gson/GsonBuilder.java:1050 PLUS -> SIGNED_RIGHT_SHIFT | gin.edit.modifynode.BinaryOperatorReplacement  ./gson/src/main/java/com/google/gson/GsonBuilder.java:1049 MINUS -> REMAINDER | gin.edit.modifynode.BinaryOperatorReplacement  ./gson/src/main/java/com/google/gson/GsonBuilder.java:1049 MINUS -> DIVIDE | gin.edit.modifynode.BinaryOperatorReplacement  ./gson/src/main/java/com/google/gson/GsonBuilder.java:1049 MINUS -> MULTIPLY |","true","true","99.34579","0","77"
"com.google.gson.GsonBuilder","| gin.edit.modifynode.BinaryOperatorReplacement  ./gson/src/main/java/com/google/gson/GsonBuilder.java:1050 PLUS -> LEFT_SHIFT | gin.edit.modifynode.BinaryOperatorReplacement  ./gson/src/main/java/com/google/gson/GsonBuilder.java:1050 PLUS -> LEFT_SHIFT | gin.edit.modifynode.BinaryOperatorReplacement  ./gson/src/main/java/com/google/gson/GsonBuilder.java:1050 PLUS -> UNSIGNED_RIGHT_SHIFT | gin.edit.modifynode.BinaryOperatorReplacement  ./gson/src/main/java/com/google/gson/GsonBuilder.java:1049 MINUS -> REMAINDER | gin.edit.modifynode.BinaryOperatorReplacement  ./gson/src/main/java/com/google/gson/GsonBuilder.java:1050 PLUS -> REMAINDER |","true","true","109.778755","0","77"
"com.google.gson.GsonBuilder","| gin.edit.modifynode.BinaryOperatorReplacement  ./gson/src/main/java/com/google/gson/GsonBuilder.java:1050 PLUS -> LEFT_SHIFT | gin.edit.modifynode.BinaryOperatorReplacement  ./gson/src/main/java/com/google/gson/GsonBuilder.java:1049 MINUS -> DIVIDE | gin.edit.modifynode.BinaryOperatorReplacement  ./gson/src/main/java/com/google/gson/GsonBuilder.java:1050 PLUS -> SIGNED_RIGHT_SHIFT | gin.edit.modifynode.BinaryOperatorReplacement  ./gson/src/main/java/com/google/gson/GsonBuilder.java:1049 MINUS -> REMAINDER | gin.edit.modifynode.BinaryOperatorReplacement  ./gson/src/main/java/com/google/gson/GsonBuilder.java:1049 MINUS -> MULTIPLY | gin.edit.modifynode.BinaryOperatorReplacement  ./gson/src/main/java/com/google/gson/GsonBuilder.java:1050 PLUS -> MINUS |","true","true","92.59518","0","77"
"com.google.gson.GsonBuilder","| gin.edit.modifynode.BinaryOperatorReplacement  ./gson/src/main/java/com/google/gson/GsonBuilder.java:1050 PLUS -> MULTIPLY | gin.edit.modifynode.BinaryOperatorReplacement  ./gson/src/main/java/com/google/gson/GsonBuilder.java:1049 MINUS -> REMAINDER | gin.edit.modifynode.BinaryOperatorReplacement  ./gson/src/main/java/com/google/gson/GsonBuilder.java:1049 MINUS -> REMAINDER | gin.edit.modifynode.BinaryOperatorReplacement  ./gson/src/main/java/com/google/gson/GsonBuilder.java:1049 MINUS -> MULTIPLY | gin.edit.modifynode.BinaryOperatorReplacement  ./gson/src/main/java/com/google/gson/GsonBuilder.java:1049 MINUS -> SIGNED_RIGHT_SHIFT |","true","true","89.528656","0","77"
"com.google.gson.GsonBuilder","| gin.edit.modifynode.BinaryOperatorReplacement  ./gson/src/main/java/com/google/gson/GsonBuilder.java:1050 PLUS -> LEFT_SHIFT | gin.edit.modifynode.BinaryOperatorReplacement  ./gson/src/main/java/com/google/gson/GsonBuilder.java:1049 MINUS -> DIVIDE | gin.edit.modifynode.BinaryOperatorReplacement  ./gson/src/main/java/com/google/gson/GsonBuilder.java:1049 MINUS -> REMAINDER | gin.edit.modifynode.BinaryOperatorReplacement  ./gson/src/main/java/com/google/gson/GsonBuilder.java:1049 MINUS -> MULTIPLY | gin.edit.modifynode.BinaryOperatorReplacement  ./gson/src/main/java/com/google/gson/GsonBuilder.java:1049 MINUS -> SIGNED_RIGHT_SHIFT |","true","true","109.168625","0","77"
"com.google.gson.GsonBuilder","| gin.edit.modifynode.BinaryOperatorReplacement  ./gson/src/main/java/com/google/gson/GsonBuilder.java:1050 PLUS -> MULTIPLY | gin.edit.modifynode.BinaryOperatorReplacement  ./gson/src/main/java/com/google/gson/GsonBuilder.java:1049 MINUS -> REMAINDER | gin.edit.modifynode.BinaryOperatorReplacement  ./gson/src/main/java/com/google/gson/GsonBuilder.java:1050 PLUS -> SIGNED_RIGHT_SHIFT | gin.edit.modifynode.BinaryOperatorReplacement  ./gson/src/main/java/com/google/gson/GsonBuilder.java:1049 MINUS -> REMAINDER | gin.edit.modifynode.BinaryOperatorReplacement  ./gson/src/main/java/com/google/gson/GsonBuilder.java:1049 MINUS -> MULTIPLY |","true","true","118.23983","0","77"
"com.google.gson.GsonBuilder","| gin.edit.modifynode.BinaryOperatorReplacement  ./gson/src/main/java/com/google/gson/GsonBuilder.java:1050 PLUS -> LEFT_SHIFT | gin.edit.modifynode.BinaryOperatorReplacement  ./gson/src/main/java/com/google/gson/GsonBuilder.java:1050 PLUS -> UNSIGNED_RIGHT_SHIFT | gin.edit.modifynode.BinaryOperatorReplacement  ./gson/src/main/java/com/google/gson/GsonBuilder.java:1049 MINUS -> REMAINDER | gin.edit.modifynode.BinaryOperatorReplacement  ./gson/src/main/java/com/google/gson/GsonBuilder.java:1049 MINUS -> MULTIPLY |","true","true","105.52094","0","77"
"com.google.gson.GsonBuilder","| gin.edit.modifynode.BinaryOperatorReplacement  ./gson/src/main/java/com/google/gson/GsonBuilder.java:1050 PLUS -> MULTIPLY | gin.edit.modifynode.BinaryOperatorReplacement  ./gson/src/main/java/com/google/gson/GsonBuilder.java:1049 MINUS -> REMAINDER | gin.edit.modifynode.BinaryOperatorReplacement  ./gson/src/main/java/com/google/gson/GsonBuilder.java:1049 MINUS -> REMAINDER | gin.edit.modifynode.BinaryOperatorReplacement  ./gson/src/main/java/com/google/gson/GsonBuilder.java:1049 MINUS -> MULTIPLY | gin.edit.modifynode.BinaryOperatorReplacement  ./gson/src/main/java/com/google/gson/GsonBuilder.java:1049 MINUS -> SIGNED_RIGHT_SHIFT |","true","true","110.76691","0","77"
"com.google.gson.GsonBuilder","| gin.edit.modifynode.BinaryOperatorReplacement  ./gson/src/main/java/com/google/gson/GsonBuilder.java:1050 PLUS -> LEFT_SHIFT | gin.edit.modifynode.BinaryOperatorReplacement  ./gson/src/main/java/com/google/gson/GsonBuilder.java:1050 PLUS -> UNSIGNED_RIGHT_SHIFT | gin.edit.modifynode.BinaryOperatorReplacement  ./gson/src/main/java/com/google/gson/GsonBuilder.java:1049 MINUS -> REMAINDER | gin.edit.modifynode.BinaryOperatorReplacement  ./gson/src/main/java/com/google/gson/GsonBuilder.java:1049 MINUS -> MULTIPLY | gin.edit.modifynode.BinaryOperatorReplacement  ./gson/src/main/java/com/google/gson/GsonBuilder.java:1049 MINUS -> SIGNED_RIGHT_SHIFT |","true","true","124.04044","0","77"
"com.google.gson.GsonBuilder","| gin.edit.modifynode.BinaryOperatorReplacement  ./gson/src/main/java/com/google/gson/GsonBuilder.java:1050 PLUS -> MULTIPLY | gin.edit.modifynode.BinaryOperatorReplacement  ./gson/src/main/java/com/google/gson/GsonBuilder.java:1049 MINUS -> REMAINDER | gin.edit.modifynode.BinaryOperatorReplacement  ./gson/src/main/java/com/google/gson/GsonBuilder.java:1049 MINUS -> REMAINDER | gin.edit.modifynode.BinaryOperatorReplacement  ./gson/src/main/java/com/google/gson/GsonBuilder.java:1049 MINUS -> MULTIPLY |","true","true","94.76207","0","77"
"com.google.gson.GsonBuilder","| gin.edit.modifynode.BinaryOperatorReplacement  ./gson/src/main/java/com/google/gson/GsonBuilder.java:1050 PLUS -> LEFT_SHIFT | gin.edit.modifynode.BinaryOperatorReplacement  ./gson/src/main/java/com/google/gson/GsonBuilder.java:1050 PLUS -> LEFT_SHIFT | gin.edit.modifynode.BinaryOperatorReplacement  ./gson/src/main/java/com/google/gson/GsonBuilder.java:1050 PLUS -> UNSIGNED_RIGHT_SHIFT | gin.edit.modifynode.BinaryOperatorReplacement  ./gson/src/main/java/com/google/gson/GsonBuilder.java:1049 MINUS -> REMAINDER | gin.edit.modifynode.BinaryOperatorReplacement  ./gson/src/main/java/com/google/gson/GsonBuilder.java:1050 PLUS -> REMAINDER | gin.edit.modifynode.BinaryOperatorReplacement  ./gson/src/main/java/com/google/gson/GsonBuilder.java:1050 PLUS -> DIVIDE |","true","true","129.12224","0","77"
"com.google.gson.GsonBuilder","| gin.edit.modifynode.BinaryOperatorReplacement  ./gson/src/main/java/com/google/gson/GsonBuilder.java:1050 PLUS -> LEFT_SHIFT | gin.edit.modifynode.BinaryOperatorReplacement  ./gson/src/main/java/com/google/gson/GsonBuilder.java:1050 PLUS -> UNSIGNED_RIGHT_SHIFT | gin.edit.modifynode.BinaryOperatorReplacement  ./gson/src/main/java/com/google/gson/GsonBuilder.java:1050 PLUS -> LEFT_SHIFT | gin.edit.modifynode.BinaryOperatorReplacement  ./gson/src/main/java/com/google/gson/GsonBuilder.java:1050 PLUS -> LEFT_SHIFT | gin.edit.modifynode.BinaryOperatorReplacement  ./gson/src/main/java/com/google/gson/GsonBuilder.java:1050 PLUS -> DIVIDE | gin.edit.modifynode.BinaryOperatorReplacement  ./gson/src/main/java/com/google/gson/GsonBuilder.java:1050 PLUS -> UNSIGNED_RIGHT_SHIFT |","true","false","1790.7003","28","49"
"com.google.gson.GsonBuilder","| gin.edit.modifynode.BinaryOperatorReplacement  ./gson/src/main/java/com/google/gson/GsonBuilder.java:1050 PLUS -> LEFT_SHIFT | gin.edit.modifynode.BinaryOperatorReplacement  ./gson/src/main/java/com/google/gson/GsonBuilder.java:1050 PLUS -> LEFT_SHIFT | gin.edit.modifynode.BinaryOperatorReplacement  ./gson/src/main/java/com/google/gson/GsonBuilder.java:1050 PLUS -> LEFT_SHIFT | gin.edit.modifynode.BinaryOperatorReplacement  ./gson/src/main/java/com/google/gson/GsonBuilder.java:1050 PLUS -> DIVIDE | gin.edit.modifynode.BinaryOperatorReplacement  ./gson/src/main/java/com/google/gson/GsonBuilder.java:1050 PLUS -> UNSIGNED_RIGHT_SHIFT |","true","false","1331.1354","28","49"
"com.google.gson.GsonBuilder","| gin.edit.modifynode.BinaryOperatorReplacement  ./gson/src/main/java/com/google/gson/GsonBuilder.java:1050 PLUS -> LEFT_SHIFT | gin.edit.modifynode.BinaryOperatorReplacement  ./gson/src/main/java/com/google/gson/GsonBuilder.java:1050 PLUS -> UNSIGNED_RIGHT_SHIFT | gin.edit.modifynode.BinaryOperatorReplacement  ./gson/src/main/java/com/google/gson/GsonBuilder.java:1050 PLUS -> LEFT_SHIFT | gin.edit.modifynode.BinaryOperatorReplacement  ./gson/src/main/java/com/google/gson/GsonBuilder.java:1050 PLUS -> UNSIGNED_RIGHT_SHIFT | gin.edit.modifynode.BinaryOperatorReplacement  ./gson/src/main/java/com/google/gson/GsonBuilder.java:1049 MINUS -> REMAINDER | gin.edit.modifynode.BinaryOperatorReplacement  ./gson/src/main/java/com/google/gson/GsonBuilder.java:1050 PLUS -> REMAINDER |","true","true","111.299835","0","77"
"com.google.gson.GsonBuilder","| gin.edit.modifynode.BinaryOperatorReplacement  ./gson/src/main/java/com/google/gson/GsonBuilder.java:1049 MINUS -> DIVIDE | gin.edit.modifynode.BinaryOperatorReplacement  ./gson/src/main/java/com/google/gson/GsonBuilder.java:1049 MINUS -> REMAINDER | gin.edit.modifynode.BinaryOperatorReplacement  ./gson/src/main/java/com/google/gson/GsonBuilder.java:1050 PLUS -> MINUS | gin.edit.modifynode.BinaryOperatorReplacement  ./gson/src/main/java/com/google/gson/GsonBuilder.java:1050 PLUS -> SIGNED_RIGHT_SHIFT | gin.edit.modifynode.BinaryOperatorReplacement  ./gson/src/main/java/com/google/gson/GsonBuilder.java:1049 MINUS -> UNSIGNED_RIGHT_SHIFT |","true","true","98.859535","0","77"
"com.google.gson.GsonBuilder","| gin.edit.modifynode.BinaryOperatorReplacement  ./gson/src/main/java/com/google/gson/GsonBuilder.java:1050 PLUS -> LEFT_SHIFT | gin.edit.modifynode.BinaryOperatorReplacement  ./gson/src/main/java/com/google/gson/GsonBuilder.java:1049 MINUS -> DIVIDE | gin.edit.modifynode.BinaryOperatorReplacement  ./gson/src/main/java/com/google/gson/GsonBuilder.java:1050 PLUS -> SIGNED_RIGHT_SHIFT | gin.edit.modifynode.BinaryOperatorReplacement  ./gson/src/main/java/com/google/gson/GsonBuilder.java:1049 MINUS -> REMAINDER | gin.edit.modifynode.BinaryOperatorReplacement  ./gson/src/main/java/com/google/gson/GsonBuilder.java:1049 MINUS -> DIVIDE | gin.edit.modifynode.BinaryOperatorReplacement  ./gson/src/main/java/com/google/gson/GsonBuilder.java:1049 MINUS -> MULTIPLY |","true","true","110.94525","0","77"
"com.google.gson.GsonBuilder","| gin.edit.modifynode.BinaryOperatorReplacement  ./gson/src/main/java/com/google/gson/GsonBuilder.java:1049 MINUS -> DIVIDE | gin.edit.modifynode.BinaryOperatorReplacement  ./gson/src/main/java/com/google/gson/GsonBuilder.java:1049 MINUS -> REMAINDER | gin.edit.modifynode.BinaryOperatorReplacement  ./gson/src/main/java/com/google/gson/GsonBuilder.java:1049 MINUS -> REMAINDER | gin.edit.modifynode.BinaryOperatorReplacement  ./gson/src/main/java/com/google/gson/GsonBuilder.java:1049 MINUS -> DIVIDE | gin.edit.modifynode.BinaryOperatorReplacement  ./gson/src/main/java/com/google/gson/GsonBuilder.java:1049 MINUS -> MULTIPLY |","true","true","78.07072","0","77"
"com.google.gson.GsonBuilder","| gin.edit.modifynode.BinaryOperatorReplacement  ./gson/src/main/java/com/google/gson/GsonBuilder.java:1050 PLUS -> LEFT_SHIFT | gin.edit.modifynode.BinaryOperatorReplacement  ./gson/src/main/java/com/google/gson/GsonBuilder.java:1049 MINUS -> DIVIDE | gin.edit.modifynode.BinaryOperatorReplacement  ./gson/src/main/java/com/google/gson/GsonBuilder.java:1050 PLUS -> SIGNED_RIGHT_SHIFT | gin.edit.modifynode.BinaryOperatorReplacement  ./gson/src/main/java/com/google/gson/GsonBuilder.java:1050 PLUS -> MINUS | gin.edit.modifynode.BinaryOperatorReplacement  ./gson/src/main/java/com/google/gson/GsonBuilder.java:1050 PLUS -> SIGNED_RIGHT_SHIFT |","true","true","104.689354","0","77"
"com.google.gson.GsonBuilder","| gin.edit.modifynode.BinaryOperatorReplacement  ./gson/src/main/java/com/google/gson/GsonBuilder.java:1049 MINUS -> DIVIDE | gin.edit.modifynode.BinaryOperatorReplacement  ./gson/src/main/java/com/google/gson/GsonBuilder.java:1049 MINUS -> REMAINDER | gin.edit.modifynode.BinaryOperatorReplacement  ./gson/src/main/java/com/google/gson/GsonBuilder.java:1049 MINUS -> MULTIPLY | gin.edit.modifynode.BinaryOperatorReplacement  ./gson/src/main/java/com/google/gson/GsonBuilder.java:1050 PLUS -> LEFT_SHIFT |","true","true","112.93592","0","77"
"com.google.gson.GsonBuilder","| gin.edit.modifynode.BinaryOperatorReplacement  ./gson/src/main/java/com/google/gson/GsonBuilder.java:1050 PLUS -> LEFT_SHIFT | gin.edit.modifynode.BinaryOperatorReplacement  ./gson/src/main/java/com/google/gson/GsonBuilder.java:1050 PLUS -> LEFT_SHIFT | gin.edit.modifynode.BinaryOperatorReplacement  ./gson/src/main/java/com/google/gson/GsonBuilder.java:1050 PLUS -> MINUS | gin.edit.modifynode.BinaryOperatorReplacement  ./gson/src/main/java/com/google/gson/GsonBuilder.java:1050 PLUS -> SIGNED_RIGHT_SHIFT |","true","false","1664.1628","28","49"
"com.google.gson.GsonBuilder","| gin.edit.modifynode.BinaryOperatorReplacement  ./gson/src/main/java/com/google/gson/GsonBuilder.java:1049 MINUS -> DIVIDE | gin.edit.modifynode.BinaryOperatorReplacement  ./gson/src/main/java/com/google/gson/GsonBuilder.java:1050 PLUS -> MINUS | gin.edit.modifynode.BinaryOperatorReplacement  ./gson/src/main/java/com/google/gson/GsonBuilder.java:1050 PLUS -> SIGNED_RIGHT_SHIFT | gin.edit.modifynode.BinaryOperatorReplacement  ./gson/src/main/java/com/google/gson/GsonBuilder.java:1049 MINUS -> SIGNED_RIGHT_SHIFT |","true","true","97.63262","0","77"
"com.google.gson.GsonBuilder","| gin.edit.modifynode.BinaryOperatorReplacement  ./gson/src/main/java/com/google/gson/GsonBuilder.java:1050 PLUS -> LEFT_SHIFT | gin.edit.modifynode.BinaryOperatorReplacement  ./gson/src/main/java/com/google/gson/GsonBuilder.java:1050 PLUS -> LEFT_SHIFT | gin.edit.modifynode.BinaryOperatorReplacement  ./gson/src/main/java/com/google/gson/GsonBuilder.java:1049 MINUS -> REMAINDER | gin.edit.modifynode.BinaryOperatorReplacement  ./gson/src/main/java/com/google/gson/GsonBuilder.java:1049 MINUS -> MULTIPLY |","true","true","115.75794","0","77"
"com.google.gson.GsonBuilder","| gin.edit.modifynode.BinaryOperatorReplacement  ./gson/src/main/java/com/google/gson/GsonBuilder.java:1050 PLUS -> LEFT_SHIFT | gin.edit.modifynode.BinaryOperatorReplacement  ./gson/src/main/java/com/google/gson/GsonBuilder.java:1049 MINUS -> DIVIDE | gin.edit.modifynode.BinaryOperatorReplacement  ./gson/src/main/java/com/google/gson/GsonBuilder.java:1050 PLUS -> SIGNED_RIGHT_SHIFT | gin.edit.modifynode.BinaryOperatorReplacement  ./gson/src/main/java/com/google/gson/GsonBuilder.java:1049 MINUS -> REMAINDER | gin.edit.modifynode.BinaryOperatorReplacement  ./gson/src/main/java/com/google/gson/GsonBuilder.java:1049 MINUS -> MULTIPLY |","true","true","76.21598","0","77"
"com.google.gson.GsonBuilder","| gin.edit.modifynode.BinaryOperatorReplacement  ./gson/src/main/java/com/google/gson/GsonBuilder.java:1050 PLUS -> MULTIPLY | gin.edit.modifynode.BinaryOperatorReplacement  ./gson/src/main/java/com/google/gson/GsonBuilder.java:1049 MINUS -> REMAINDER | gin.edit.modifynode.BinaryOperatorReplacement  ./gson/src/main/java/com/google/gson/GsonBuilder.java:1049 MINUS -> REMAINDER | gin.edit.modifynode.BinaryOperatorReplacement  ./gson/src/main/java/com/google/gson/GsonBuilder.java:1049 MINUS -> MULTIPLY | gin.edit.modifynode.BinaryOperatorReplacement  ./gson/src/main/java/com/google/gson/GsonBuilder.java:1049 MINUS -> SIGNED_RIGHT_SHIFT | gin.edit.modifynode.BinaryOperatorReplacement  ./gson/src/main/java/com/google/gson/GsonBuilder.java:1049 MINUS -> DIVIDE |","true","true","88.105095","0","77"
"com.google.gson.GsonBuilder","| gin.edit.modifynode.BinaryOperatorReplacement  ./gson/src/main/java/com/google/gson/GsonBuilder.java:1050 PLUS -> LEFT_SHIFT | gin.edit.modifynode.BinaryOperatorReplacement  ./gson/src/main/java/com/google/gson/GsonBuilder.java:1050 PLUS -> LEFT_SHIFT | gin.edit.modifynode.BinaryOperatorReplacement  ./gson/src/main/java/com/google/gson/GsonBuilder.java:1049 MINUS -> REMAINDER | gin.edit.modifynode.BinaryOperatorReplacement  ./gson/src/main/java/com/google/gson/GsonBuilder.java:1049 MINUS -> MULTIPLY | gin.edit.modifynode.BinaryOperatorReplacement  ./gson/src/main/java/com/google/gson/GsonBuilder.java:1050 PLUS -> MULTIPLY |","true","true","104.36825","0","77"
"com.google.gson.GsonBuilder","| gin.edit.modifynode.BinaryOperatorReplacement  ./gson/src/main/java/com/google/gson/GsonBuilder.java:1050 PLUS -> MULTIPLY | gin.edit.modifynode.BinaryOperatorReplacement  ./gson/src/main/java/com/google/gson/GsonBuilder.java:1049 MINUS -> REMAINDER | gin.edit.modifynode.BinaryOperatorReplacement  ./gson/src/main/java/com/google/gson/GsonBuilder.java:1049 MINUS -> REMAINDER | gin.edit.modifynode.BinaryOperatorReplacement  ./gson/src/main/java/com/google/gson/GsonBuilder.java:1049 MINUS -> MULTIPLY |","true","true","109.68299","0","77"
"com.google.gson.GsonBuilder","| gin.edit.modifynode.BinaryOperatorReplacement  ./gson/src/main/java/com/google/gson/GsonBuilder.java:1050 PLUS -> LEFT_SHIFT | gin.edit.modifynode.BinaryOperatorReplacement  ./gson/src/main/java/com/google/gson/GsonBuilder.java:1050 PLUS -> LEFT_SHIFT | gin.edit.modifynode.BinaryOperatorReplacement  ./gson/src/main/java/com/google/gson/GsonBuilder.java:1049 MINUS -> REMAINDER | gin.edit.modifynode.BinaryOperatorReplacement  ./gson/src/main/java/com/google/gson/GsonBuilder.java:1049 MINUS -> MULTIPLY | gin.edit.modifynode.BinaryOperatorReplacement  ./gson/src/main/java/com/google/gson/GsonBuilder.java:1049 MINUS -> SIGNED_RIGHT_SHIFT | gin.edit.modifynode.BinaryOperatorReplacement  ./gson/src/main/java/com/google/gson/GsonBuilder.java:1049 MINUS -> DIVIDE |","true","true","95.937416","0","77"
"com.google.gson.GsonBuilder","| gin.edit.modifynode.BinaryOperatorReplacement  ./gson/src/main/java/com/google/gson/GsonBuilder.java:1050 PLUS -> MULTIPLY | gin.edit.modifynode.BinaryOperatorReplacement  ./gson/src/main/java/com/google/gson/GsonBuilder.java:1049 MINUS -> REMAINDER | gin.edit.modifynode.BinaryOperatorReplacement  ./gson/src/main/java/com/google/gson/GsonBuilder.java:1049 MINUS -> REMAINDER | gin.edit.modifynode.BinaryOperatorReplacement  ./gson/src/main/java/com/google/gson/GsonBuilder.java:1049 MINUS -> MULTIPLY | gin.edit.modifynode.BinaryOperatorReplacement  ./gson/src/main/java/com/google/gson/GsonBuilder.java:1049 MINUS -> SIGNED_RIGHT_SHIFT |","true","true","92.00658","0","77"
"com.google.gson.GsonBuilder","| gin.edit.modifynode.BinaryOperatorReplacement  ./gson/src/main/java/com/google/gson/GsonBuilder.java:1050 PLUS -> LEFT_SHIFT | gin.edit.modifynode.BinaryOperatorReplacement  ./gson/src/main/java/com/google/gson/GsonBuilder.java:1050 PLUS -> UNSIGNED_RIGHT_SHIFT | gin.edit.modifynode.BinaryOperatorReplacement  ./gson/src/main/java/com/google/gson/GsonBuilder.java:1049 MINUS -> REMAINDER | gin.edit.modifynode.BinaryOperatorReplacement  ./gson/src/main/java/com/google/gson/GsonBuilder.java:1049 MINUS -> MULTIPLY | gin.edit.modifynode.BinaryOperatorReplacement  ./gson/src/main/java/com/google/gson/GsonBuilder.java:1050 PLUS -> MULTIPLY |","true","true","82.63645","0","77"
"com.google.gson.GsonBuilder","| gin.edit.modifynode.BinaryOperatorReplacement  ./gson/src/main/java/com/google/gson/GsonBuilder.java:1050 PLUS -> MULTIPLY | gin.edit.modifynode.BinaryOperatorReplacement  ./gson/src/main/java/com/google/gson/GsonBuilder.java:1049 MINUS -> REMAINDER | gin.edit.modifynode.BinaryOperatorReplacement  ./gson/src/main/java/com/google/gson/GsonBuilder.java:1049 MINUS -> REMAINDER | gin.edit.modifynode.BinaryOperatorReplacement  ./gson/src/main/java/com/google/gson/GsonBuilder.java:1049 MINUS -> MULTIPLY | gin.edit.modifynode.BinaryOperatorReplacement  ./gson/src/main/java/com/google/gson/GsonBuilder.java:1050 PLUS -> DIVIDE |","true","true","100.26782","0","77"
"com.google.gson.GsonBuilder","| gin.edit.modifynode.BinaryOperatorReplacement  ./gson/src/main/java/com/google/gson/GsonBuilder.java:1050 PLUS -> LEFT_SHIFT | gin.edit.modifynode.BinaryOperatorReplacement  ./gson/src/main/java/com/google/gson/GsonBuilder.java:1050 PLUS -> UNSIGNED_RIGHT_SHIFT | gin.edit.modifynode.BinaryOperatorReplacement  ./gson/src/main/java/com/google/gson/GsonBuilder.java:1049 MINUS -> REMAINDER | gin.edit.modifynode.BinaryOperatorReplacement  ./gson/src/main/java/com/google/gson/GsonBuilder.java:1049 MINUS -> MULTIPLY | gin.edit.modifynode.BinaryOperatorReplacement  ./gson/src/main/java/com/google/gson/GsonBuilder.java:1049 MINUS -> SIGNED_RIGHT_SHIFT |","true","true","90.13551","0","77"
"com.google.gson.GsonBuilder","| gin.edit.modifynode.BinaryOperatorReplacement  ./gson/src/main/java/com/google/gson/GsonBuilder.java:1050 PLUS -> LEFT_SHIFT | gin.edit.modifynode.BinaryOperatorReplacement  ./gson/src/main/java/com/google/gson/GsonBuilder.java:1050 PLUS -> LEFT_SHIFT | gin.edit.modifynode.BinaryOperatorReplacement  ./gson/src/main/java/com/google/gson/GsonBuilder.java:1049 MINUS -> REMAINDER | gin.edit.modifynode.BinaryOperatorReplacement  ./gson/src/main/java/com/google/gson/GsonBuilder.java:1049 MINUS -> MULTIPLY | gin.edit.modifynode.BinaryOperatorReplacement  ./gson/src/main/java/com/google/gson/GsonBuilder.java:1049 MINUS -> SIGNED_RIGHT_SHIFT |","true","true","94.286606","0","77"
"com.google.gson.GsonBuilder","| gin.edit.modifynode.BinaryOperatorReplacement  ./gson/src/main/java/com/google/gson/GsonBuilder.java:1049 MINUS -> DIVIDE | gin.edit.modifynode.BinaryOperatorReplacement  ./gson/src/main/java/com/google/gson/GsonBuilder.java:1050 PLUS -> MINUS | gin.edit.modifynode.BinaryOperatorReplacement  ./gson/src/main/java/com/google/gson/GsonBuilder.java:1050 PLUS -> SIGNED_RIGHT_SHIFT | gin.edit.modifynode.BinaryOperatorReplacement  ./gson/src/main/java/com/google/gson/GsonBuilder.java:1049 MINUS -> SIGNED_RIGHT_SHIFT | gin.edit.modifynode.BinaryOperatorReplacement  ./gson/src/main/java/com/google/gson/GsonBuilder.java:1049 MINUS -> REMAINDER |","true","true","113.19539","0","77"
"com.google.gson.GsonBuilder","| gin.edit.modifynode.BinaryOperatorReplacement  ./gson/src/main/java/com/google/gson/GsonBuilder.java:1050 PLUS -> LEFT_SHIFT | gin.edit.modifynode.BinaryOperatorReplacement  ./gson/src/main/java/com/google/gson/GsonBuilder.java:1050 PLUS -> LEFT_SHIFT | gin.edit.modifynode.BinaryOperatorReplacement  ./gson/src/main/java/com/google/gson/GsonBuilder.java:1050 PLUS -> SIGNED_RIGHT_SHIFT | gin.edit.modifynode.BinaryOperatorReplacement  ./gson/src/main/java/com/google/gson/GsonBuilder.java:1049 MINUS -> SIGNED_RIGHT_SHIFT |","true","true","146.23547","0","77"
"com.google.gson.GsonBuilder","| gin.edit.modifynode.BinaryOperatorReplacement  ./gson/src/main/java/com/google/gson/GsonBuilder.java:1049 MINUS -> DIVIDE | gin.edit.modifynode.BinaryOperatorReplacement  ./gson/src/main/java/com/google/gson/GsonBuilder.java:1050 PLUS -> MINUS | gin.edit.modifynode.BinaryOperatorReplacement  ./gson/src/main/java/com/google/gson/GsonBuilder.java:1049 MINUS -> REMAINDER | gin.edit.modifynode.BinaryOperatorReplacement  ./gson/src/main/java/com/google/gson/GsonBuilder.java:1049 MINUS -> MULTIPLY | gin.edit.modifynode.BinaryOperatorReplacement  ./gson/src/main/java/com/google/gson/GsonBuilder.java:1050 PLUS -> REMAINDER |","true","true","99.812614","0","77"
"com.google.gson.GsonBuilder","| gin.edit.modifynode.BinaryOperatorReplacement  ./gson/src/main/java/com/google/gson/GsonBuilder.java:1050 PLUS -> MULTIPLY | gin.edit.modifynode.BinaryOperatorReplacement  ./gson/src/main/java/com/google/gson/GsonBuilder.java:1049 MINUS -> REMAINDER | gin.edit.modifynode.BinaryOperatorReplacement  ./gson/src/main/java/com/google/gson/GsonBuilder.java:1050 PLUS -> SIGNED_RIGHT_SHIFT | gin.edit.modifynode.BinaryOperatorReplacement  ./gson/src/main/java/com/google/gson/GsonBuilder.java:1049 MINUS -> REMAINDER | gin.edit.modifynode.BinaryOperatorReplacement  ./gson/src/main/java/com/google/gson/GsonBuilder.java:1049 MINUS -> MULTIPLY | gin.edit.modifynode.BinaryOperatorReplacement  ./gson/src/main/java/com/google/gson/GsonBuilder.java:1049 MINUS -> PLUS |","true","true","117.16325","0","77"
"com.google.gson.GsonBuilder","| gin.edit.modifynode.BinaryOperatorReplacement  ./gson/src/main/java/com/google/gson/GsonBuilder.java:1050 PLUS -> LEFT_SHIFT | gin.edit.modifynode.BinaryOperatorReplacement  ./gson/src/main/java/com/google/gson/GsonBuilder.java:1049 MINUS -> DIVIDE | gin.edit.modifynode.BinaryOperatorReplacement  ./gson/src/main/java/com/google/gson/GsonBuilder.java:1050 PLUS -> SIGNED_RIGHT_SHIFT | gin.edit.modifynode.BinaryOperatorReplacement  ./gson/src/main/java/com/google/gson/GsonBuilder.java:1050 PLUS -> MINUS | gin.edit.modifynode.BinaryOperatorReplacement  ./gson/src/main/java/com/google/gson/GsonBuilder.java:1050 PLUS -> SIGNED_RIGHT_SHIFT |","true","true","101.23123","0","77"
"com.google.gson.GsonBuilder","| gin.edit.modifynode.BinaryOperatorReplacement  ./gson/src/main/java/com/google/gson/GsonBuilder.java:1050 PLUS -> MULTIPLY | gin.edit.modifynode.BinaryOperatorReplacement  ./gson/src/main/java/com/google/gson/GsonBuilder.java:1049 MINUS -> REMAINDER | gin.edit.modifynode.BinaryOperatorReplacement  ./gson/src/main/java/com/google/gson/GsonBuilder.java:1050 PLUS -> SIGNED_RIGHT_SHIFT | gin.edit.modifynode.BinaryOperatorReplacement  ./gson/src/main/java/com/google/gson/GsonBuilder.java:1050 PLUS -> MINUS | gin.edit.modifynode.BinaryOperatorReplacement  ./gson/src/main/java/com/google/gson/GsonBuilder.java:1050 PLUS -> SIGNED_RIGHT_SHIFT |","true","true","124.154305","0","77"
"com.google.gson.GsonBuilder","| gin.edit.modifynode.BinaryOperatorReplacement  ./gson/src/main/java/com/google/gson/GsonBuilder.java:1050 PLUS -> LEFT_SHIFT | gin.edit.modifynode.BinaryOperatorReplacement  ./gson/src/main/java/com/google/gson/GsonBuilder.java:1049 MINUS -> DIVIDE | gin.edit.modifynode.BinaryOperatorReplacement  ./gson/src/main/java/com/google/gson/GsonBuilder.java:1050 PLUS -> SIGNED_RIGHT_SHIFT | gin.edit.modifynode.BinaryOperatorReplacement  ./gson/src/main/java/com/google/gson/GsonBuilder.java:1049 MINUS -> REMAINDER | gin.edit.modifynode.BinaryOperatorReplacement  ./gson/src/main/java/com/google/gson/GsonBuilder.java:1049 MINUS -> MULTIPLY | gin.edit.modifynode.BinaryOperatorReplacement  ./gson/src/main/java/com/google/gson/GsonBuilder.java:1049 MINUS -> UNSIGNED_RIGHT_SHIFT |","true","true","100.733986","0","77"
"com.google.gson.GsonBuilder","| gin.edit.modifynode.BinaryOperatorReplacement  ./gson/src/main/java/com/google/gson/GsonBuilder.java:1049 MINUS -> DIVIDE | gin.edit.modifynode.BinaryOperatorReplacement  ./gson/src/main/java/com/google/gson/GsonBuilder.java:1049 MINUS -> REMAINDER | gin.edit.modifynode.BinaryOperatorReplacement  ./gson/src/main/java/com/google/gson/GsonBuilder.java:1049 MINUS -> MULTIPLY | gin.edit.modifynode.BinaryOperatorReplacement  ./gson/src/main/java/com/google/gson/GsonBuilder.java:1050 PLUS -> LEFT_SHIFT |","true","true","104.689255","0","77"
"com.google.gson.GsonBuilder","| gin.edit.modifynode.BinaryOperatorReplacement  ./gson/src/main/java/com/google/gson/GsonBuilder.java:1050 PLUS -> LEFT_SHIFT | gin.edit.modifynode.BinaryOperatorReplacement  ./gson/src/main/java/com/google/gson/GsonBuilder.java:1050 PLUS -> UNSIGNED_RIGHT_SHIFT | gin.edit.modifynode.BinaryOperatorReplacement  ./gson/src/main/java/com/google/gson/GsonBuilder.java:1050 PLUS -> LEFT_SHIFT | gin.edit.modifynode.BinaryOperatorReplacement  ./gson/src/main/java/com/google/gson/GsonBuilder.java:1050 PLUS -> UNSIGNED_RIGHT_SHIFT | gin.edit.modifynode.BinaryOperatorReplacement  ./gson/src/main/java/com/google/gson/GsonBuilder.java:1049 MINUS -> REMAINDER | gin.edit.modifynode.BinaryOperatorReplacement  ./gson/src/main/java/com/google/gson/GsonBuilder.java:1050 PLUS -> REMAINDER | gin.edit.modifynode.BinaryOperatorReplacement  ./gson/src/main/java/com/google/gson/GsonBuilder.java:1049 MINUS -> REMAINDER |","true","true","122.325806","0","77"
"com.google.gson.GsonBuilder","| gin.edit.modifynode.BinaryOperatorReplacement  ./gson/src/main/java/com/google/gson/GsonBuilder.java:1049 MINUS -> DIVIDE | gin.edit.modifynode.BinaryOperatorReplacement  ./gson/src/main/java/com/google/gson/GsonBuilder.java:1049 MINUS -> REMAINDER | gin.edit.modifynode.BinaryOperatorReplacement  ./gson/src/main/java/com/google/gson/GsonBuilder.java:1050 PLUS -> UNSIGNED_RIGHT_SHIFT | gin.edit.modifynode.BinaryOperatorReplacement  ./gson/src/main/java/com/google/gson/GsonBuilder.java:1049 MINUS -> REMAINDER | gin.edit.modifynode.BinaryOperatorReplacement  ./gson/src/main/java/com/google/gson/GsonBuilder.java:1050 PLUS -> REMAINDER |","true","true","115.18474","0","77"
"com.google.gson.GsonBuilder","| gin.edit.modifynode.BinaryOperatorReplacement  ./gson/src/main/java/com/google/gson/GsonBuilder.java:1050 PLUS -> LEFT_SHIFT | gin.edit.modifynode.BinaryOperatorReplacement  ./gson/src/main/java/com/google/gson/GsonBuilder.java:1050 PLUS -> UNSIGNED_RIGHT_SHIFT | gin.edit.modifynode.BinaryOperatorReplacement  ./gson/src/main/java/com/google/gson/GsonBuilder.java:1050 PLUS -> LEFT_SHIFT | gin.edit.modifynode.BinaryOperatorReplacement  ./gson/src/main/java/com/google/gson/GsonBuilder.java:1049 MINUS -> MULTIPLY | gin.edit.modifynode.BinaryOperatorReplacement  ./gson/src/main/java/com/google/gson/GsonBuilder.java:1050 PLUS -> LEFT_SHIFT |","true","true","91.825554","0","77"
"com.google.gson.GsonBuilder","| gin.edit.modifynode.BinaryOperatorReplacement  ./gson/src/main/java/com/google/gson/GsonBuilder.java:1050 PLUS -> LEFT_SHIFT | gin.edit.modifynode.BinaryOperatorReplacement  ./gson/src/main/java/com/google/gson/GsonBuilder.java:1050 PLUS -> LEFT_SHIFT | gin.edit.modifynode.BinaryOperatorReplacement  ./gson/src/main/java/com/google/gson/GsonBuilder.java:1050 PLUS -> LEFT_SHIFT | gin.edit.modifynode.BinaryOperatorReplacement  ./gson/src/main/java/com/google/gson/GsonBuilder.java:1050 PLUS -> DIVIDE | gin.edit.modifynode.BinaryOperatorReplacement  ./gson/src/main/java/com/google/gson/GsonBuilder.java:1050 PLUS -> UNSIGNED_RIGHT_SHIFT |","true","false","1541.9752","28","49"
